id,body,created_at,sentiment,symbols
c265e441-e24d-440e-a0d3-449e64722efc,slowly adding some $fio here but gotta be careful. this will be one of biggest winners in 2012,2020-11-06,1,['FIO']
09b1fc56-b05c-4762-a6b0-41ef643ba814,$trx http://stks.co/1kkk long setup. macd cross.,2020-11-06,1,['TRX']
ba2aa22f-93b3-453c-82bd-afde02aecb35,i am not optimistic about $amzn both fundementals and charts look like poopoo this quarter.,2020-11-06,-1,['AMZN']
992091f3-1fa2-4b3c-9cfe-1f4b2d9952a1,$grpn might be selling off ahead of $p earnings...,2020-11-06,-1,['P']
5078e4c1-ff12-4b2b-aba7-099c6b0dfab6,$iaci http://stks.co/tju looks good on the weekly chart.,2020-11-06,1,['IACI']
dde4155c-6a27-41f3-91c7-7999d9233060,"$pcln back over ""up"" trendline from 10/4",2020-11-06,1,['PCLN']
74e36322-ed3b-493b-af13-041574e5c41c,rt @robbielolz $nflx a close above here is looking good for the bulls. will hold my positions to see where we close at. keep buying here.,2020-11-06,1,['NFLX']
65314306-60ee-457b-99bd-e943d59d0c1b,profit taking on $aapl this morning?  that has to be the pressure on the stock.  i'm still bullish on $aapl.,2020-11-06,1,['AAPL']
8fa19eca-e152-447b-9730-bf95cb4eca84,$skx turning. coming from far could go far. stock price implies you pay nothing for the business,2020-11-06,1,['SKX']
6ed7d15c-04c6-485f-8341-e0643b747f97,$mos looking good here at $58.65. calls are active in this month and weekly,2020-11-06,1,['MOS']
a3797f5c-031b-4f54-a296-ec70cbb7187e,"sold out $tza 45 $put (down $1), which were hedging my 45 $call. letting the calls ride solo now.",2020-11-06,1,['TZA']
bf9f5604-c7bb-4ef7-99d6-d400918e476d,$ymi http://stks.co/xyf long setup. closed above the 20ma. macd cross. november catalyst.,2020-11-06,1,['YMI']
62c22a82-b26c-4ecc-88c2-0542fc021246,$tzoo a close above 28.64 and we are ready to rock and roll,2020-11-06,1,['TZOO']
b617f65e-f3e8-4365-ba1a-49cf78496d32,"i'm liking the price action in $swks, currently @21.80 ; my target: 24.00+ before year end.",2020-11-06,1,['SWKS']
7e9151ba-a7a7-4831-9d55-a1fb20d47dc7,$wft closng higher from here,2020-11-06,1,['WFT']
5653549e-bbf8-46ce-b6ad-587da7429d47,$sppi..building rs. sweet. i want this to break a new 52week. the earnings growth justifies way higher,2020-11-06,1,['SPPI']
186bb64d-554c-451f-b490-42c3aa781f3e,$spy bull move ended waiting for next setup,2020-11-06,-1,['SPY']
c072c109-7824-4e9e-9388-101ad1a2940f,double bottom with handle buy point of 29.51 $ip http://chart.ly/akvujxh,2020-11-06,1,['IP']
bbf4898c-9ae8-4ab8-80c3-757529417d08,"$gld http://stks.co/jr8 daily chart - though rsi and stoch. point at a possible move up, there's a lot of resistance.",2020-11-06,1,['GLD']
cb6acf15-2058-41d5-9bc8-ac4da514bafc,$acom http://stks.co/1g6x downside breakout looks to be coming soon.,2020-11-06,-1,['ACOM']
ef8d148c-5210-4a66-b347-9023d1d99e14,$zagg getting ready...target $15 plus on a close over $13.50 on better than avg daily volume http://chart.ly/lha44tn,2020-11-06,1,['ZAGG']
cd9ae423-4c33-4584-b3f2-15e27a32dc89,volatility squeeze in $aapl. i hope it gets resolved to the upside,2020-11-06,0,['AAPL']
380a6a4d-7764-40a0-81ab-7446833e9fe3,"still short $lng from $11.70 area...next stop could be down through $9.00. someone slammed it hard with 230,000 shs this am! more to follow",2020-11-06,-1,['LNG']
e1e3c189-a5f1-40a5-b25a-d2ba563e8665,covered my small $mww short @ 7.99 for a .16 loss. flat on the day. all cash now.,2020-11-06,1,['MWW']
f16d7ead-54c5-4353-a10a-ce0a26b457ff,that bearish outside day tuesday is significant. 200 day resistance still intact. just my opinion $sds http://chart.ly/2bey48t,2020-11-06,-1,['SDS']
4757b228-9282-493e-87e5-20eb2a1301aa,"rt fitzstock2004: $iyt http://stks.co/1nbf the transports always lead  the way, and  they broke dt  line  1st, macd cross,  bull  flag=",2020-11-06,1,['IYT']
47338256-832f-438e-921c-730b8c9c4b8f,$dug weekly stochastics finally starting to turn up after long consolidation. buying here.,2020-11-06,1,['DUG']
9a276238-8367-49fc-9dc8-18e16e3cb13d,$spy don't hang your bull hat yet. next week we will pop higher on qe3 hope on back of fed's 2 day meeting.,2020-11-06,1,['SPY']
ad06bd96-166c-4797-a8b2-7ec7237cfb8c,longed $amzn 300 @ 189.82,2020-11-06,1,['AMZN']
23d8c0e1-e856-4905-bc1b-b7503cca229c,"$slw is down, but weekly $34 calls (-28.95%), .23 x .25 have 321 volume. worth a chance here, jmho: http://stks.co/1qfg",2020-11-06,1,['SLW']
878b07b9-e847-4ad5-a9d4-cc5283318895,"$hsc receives 7-year, $50m contract at new saudi arabian steel mill",2020-11-06,1,['HSC']
a510e894-a890-40f9-88a3-d4b3a85a4229,"reuters: green mountain revenue misses, shares plunge http://stks.co/13mw > $gmcr prints 43.80, market in a foul mood, bad day to disappoint",2020-11-06,-1,['GMCR']
31f3ae05-6179-4c31-a947-586f30cceffd,"$xlf http://stks.co/1kj9 bounced off target buy area, bought $skf as a hedge. watch 50ma's slope",2020-11-06,-1,['XLF']
55b5302b-97c0-4b82-80b1-8e6108d134e7,$vxx adding to position here !,2020-11-06,1,['VXX']
67141540-3d61-4990-b064-e0c7a96fcab4,$gps gap september comparable store sales -4%,2020-11-06,-1,['GPS']
a39caa06-b90b-43a0-985c-f7f84dc1deef,double bottom with handle buy point of 56.49 $wmt http://chart.ly/ml857v3,2020-11-06,1,['WMT']
06705ba3-1c6c-418c-b757-140722cd28f7,$ma http://stks.co/1cyn continues to consolidate / base here,2020-11-06,1,['MA']
32af34f6-a0c5-4062-b7bf-2b6fd997fe30,nasdaq sets up for breakout part ii | via @allstarcharts http://stks.co/15nv  $goog $amzn $qcom,2020-11-06,1,['QCOM']
8d0d704c-3779-4600-aae5-dedd8b856fdd,$isrg trading at all-time high after strong earnings report with 4 days of short interest.,2020-11-06,1,['ISRG']
6ea09008-9ec7-4388-b273-2ee1cb7cec8d,$utsi http://stks.co/15ur long setup. reported very good earnings.,2020-11-06,1,['UTSI']
95865d1a-ae6b-43e9-9555-e4826ba47d07,here come the shorts marchin' in.  $gmcr.  lovin' it!,2020-11-06,-1,['GMCR']
97283492-61d6-4a9a-8c9f-bb7e5fb53576,$aapl news is becoming very bullish again http://stks.co/tmu,2020-11-06,1,['AAPL']
c8fd0bbb-02f9-4087-aac4-a5896c556938,stole my tweet. really wouldn't be surprised if we took out 423 and pinned around it rt @totalguru we could possibly even see425 today $aapl,2020-11-06,1,['AAPL']
6e47467f-0aec-4860-ac9b-6806c5d2b1f1,"$dpz broke out now of his bull flag channel and make new highs, but volume is very poor",2020-11-06,1,['DPZ']
04d4168f-fe7a-41ca-b870-dadd02179a0d,$es_f. nice little cup-and-handle shaping up on the 15-minute. end-of-day $spy $spx favours a good day for the index. will we see a gap open,2020-11-06,1,['SPY']
757ee2dd-e7f9-4c5b-9478-f98f0e3908a7,short more $faz for all who don't know that means markets will tank now :-p,2020-11-06,-1,['FAZ']
bf873e4a-5864-421f-82be-54686e97c588,rt @alphatrends vmarkets are still acting weak http://stks.co/1agn  $spy $qqq $xlf $smh $iwm,2020-11-06,-1,['XLF']
09d91524-13ec-44ce-9846-a3c8ea44155d,"fbr capital reiterated ""outperform"" rating on $brcm with a price target of $45.00 on friday.",2020-11-06,1,['BRCM']
018b3b4c-ddb5-4f6f-a713-de4a96023eb8,$eln longs...congrats...another hod,2020-11-06,1,['ELN']
56537876-8295-4dcd-9bf9-62590d605003,"casinos red before the bell: $lvs -0.75%, $wynn -0.47%, $wynn -0.47% > unusual comibinations of what's running, what's red before the bell",2020-11-06,-1,['WYNN']
7cf33a8f-127a-41c6-aa43-f9cd1d39db08,$tspt  long 8.00,2020-11-06,1,['TSPT']
aa23e44c-912d-4862-98bc-df576c142ade,$skh http://stks.co/163e long setup. watch for continuation and volume expansion here. hot sector.,2020-11-06,1,['SKH']
5ffaf0da-16ad-4a68-9e36-3a36449e264f,looks like its booking a one way ticket to its 40 week ma near 50. losing 10 week here $lulu http://chart.ly/7xb9h9b,2020-11-06,0,['LULU']
56c40b32-89a6-447b-a0e0-1dd2e5a3b013,"rt @joemccann the correleation between the dollar index and $spy is simply amazing. $dx finds support, $spy retreats like clockwork",2020-11-06,-1,['SPY']
86a56c06-b9d8-49cf-a408-079d9136094e,$fio won't stay down,2020-11-06,1,['FIO']
03a9d346-5e5a-4526-a173-fc8d10422246,$aapl http://stks.co/1ldx clearing this descending trend line / buy area now,2020-11-06,1,['AAPL']
7b3d6ac6-03ee-4812-98ea-4fdc888a2089,$rost nov 90 calls 2.08 .. go long until exp imo ! unless europeans keeps f'ing around !,2020-11-06,1,['ROST']
b0fed911-d8f8-4e60-a17a-7146cf185d59,i-grid shows $dia capped for the long term at range of 123.40- 124.77;any rally beyond today's levels or into this range leads to meltdown.,2020-11-06,-1,['DIA']
257c7f4e-e9b2-4b5a-8a94-4542aac7e617,"whats up with $lulu?  numbers looked good, not great, but good.  i think conference call will instill confidence.",2020-11-06,0,['LULU']
94430c25-44b5-4a7c-a2a4-45107c1f42b5,"$zsl looking very weak, could be a good short setup.",2020-11-06,-1,['ZSL']
38b66489-5936-465c-9fd6-6c226ba5dad4,"@dlerch lol! $fmcn back under $17, darn those shorts! no chit sherlock!",2020-11-06,-1,['FMCN']
a7926950-9359-4295-b1ac-221a1517808b,$mcp rolling over for a new intraday low. bottom pickers continue to get destroyed,2020-11-06,-1,['MCP']
c3759e35-350e-4fa9-ba5b-bf5218ce9206,"ace limited, which has a 17 year dividend growth streak, plans a 33% dividend hike: http://stks.co/1bue $ace",2020-11-06,1,['ACE']
ac795052-0f82-4aad-922f-c2813349cd3f,"$aapl 50dma turned up, macd crossover a half-a-hair away on the weekly. eod break out likely.",2020-11-06,1,['AAPL']
c74d8497-55e0-4f5d-a4ea-bdd5ff99d0f7,$cien http://stks.co/dzu cien seems to have broken out of a major horizontal resistance. targets $14.35.,2020-11-06,1,['CIEN']
7136ce0c-fb70-473c-868d-8306682917e9,like $t for a breakout long as well. getting through the 100 and 200 ma could see it run.,2020-11-06,1,['T']
f4e27611-3615-4f3a-afc1-d0a4c4ab0e9a,my $dwa play up 6% today. i'm still skeptical. will take profits. not a time cheer,2020-11-06,0,['DWA']
8c0ed316-f1c3-41d7-8020-2668a6aade16,$ibm staying strong,2020-11-06,1,['IBM']
950f01bc-d464-4672-8b80-1416577998b4,"$sina even though the ""report"" is untrue and has been proven unture, the damage is done. no one wants to touch it now",2020-11-06,-1,['SINA']
e11764c6-832f-4862-b003-f854e3bdb36b,"$amzn 4 period rsi is down at 20, just read connors book on trading strategies",2020-11-06,1,['AMZN']
1428aacd-6241-45c6-b200-7e6c5e2b3553,$siga bid for reargument denied by judge,2020-11-06,-1,['SIGA']
66d1baf4-f89a-4200-9672-33f1e67d2806,"rt @andrewnyquist chartology: yahoo: http://stks.co/1itr $yhoo  crazy looking chart, but nearing breakout resistance line...",2020-11-06,1,['YHOO']
e60ee15a-dd0c-4fd0-bd1b-06b97f15375e,$cern - consolidating above 50 & 200 ma - nice long entry here w stop below 10 ma - targeting $70 area,2020-11-06,1,['CERN']
09f372a4-753a-4519-80bb-e4a8329db31c,$spy http://stks.co/1mir we're holding above wednesday and thursday closes. i'm leaning bullish. small postions. waiting.,2020-11-06,1,['SPY']
fdea64e3-cef6-4617-a593-6636803a3359,$rdc rowan expands share repurchase program to $150 million,2020-11-06,1,['RDC']
82ecdfac-5eca-4a88-bce3-954d7e4715f5,$nvda sideways,2020-11-06,0,['NVDA']
18d3c94a-a121-4c17-81bf-7a4e736272ce,$hitk  resuming advance into new historical highs.,2020-11-06,1,['HITK']
fdc3ea15-0a0e-420a-a679-808c922b4ee4,held its recent double bottom buy point of 56.57 almost to the penny today $wmt http://chart.ly/6nosp5q,2020-11-06,1,['WMT']
746365cc-7de5-4cdb-adb1-4a10f8be09b9,$goog breakout very likely medium target $700+ http://stks.co/1lpz http://chart.ly/lgb94rr,2020-11-06,1,['GOOG']
3c2254bd-9653-44c5-a7a4-7f616381166f,rt @street_insider the steve jobs effect? apple $aapl first day iphone 4s sales were off the charts http://stks.co/yye,2020-11-06,1,['AAPL']
7ab3fd3a-fb3f-44b0-910f-59ca4861356c,"that was quick, out $fio 21.35, market tanking, scaling down longs now",2020-11-06,-1,['FIO']
0b11b2bd-b1de-408d-84d2-92ac9d73632c,$spy extreme win today - 2 cents above 2009  low on 10-year and $spy up 2 percent - life is a bowl of cherries - great short setting up $$,2020-11-06,-1,['SPY']
51fe3fb4-1b23-46f5-a46c-f38133fd1360,$lnt increases annual dividend target to $1.80/share from $1.70/share,2020-11-06,1,['LNT']
a627b8e1-7953-4ca2-b400-b26d81c439c8,"rt @cash_cow $tlt still has a rising rsi & macd, all this bond buying is signaling some bad moves for the market. $spy $uup",2020-11-06,-1,['UUP']
35847f77-6f0e-483d-b16b-aef0553700b4,$idcc - $89 share total value of company after crunching #'s. the 4g technology is their diamond in the rough.,2020-11-06,1,['IDCC']
7e3d4f44-c5fa-4ace-b5b3-4ccff3b17b6c,$mako hanging in well today. still in a basing pattern. have eyes on it,2020-11-06,1,['MAKO']
545051ac-aca9-4c39-bce5-79f977b2be44,"rt @stockdemons think shorting here into close might be play, $spy - high beta reversing..looks worth a shot",2020-11-06,-1,['SPY']
27377b1b-2eae-4bad-8884-2e72e4d8ed6e,$tza is a rocket ship!!!,2020-11-06,1,['TZA']
c0c40c8a-c816-4bfa-ac60-69d90a6383d3,"lots of metal stocks look like a 5-10% run awaits. long $ssri,$paas and $nem but most high quality names should go if metal prices cooperate",2020-11-06,1,['SSRI']
fb8f9dd8-eb23-4aa4-b0ab-05e52ee2b905,$vxx starting to creep up while $spy sits near hod ...,2020-11-06,1,['SPY']
5313f9c7-2687-4489-b3a1-a2c21c15de90,$aapl i'm sure those short are holding their breath hoping for a miracle. lol,2020-11-06,1,['AAPL']
edf0e1c5-0faf-4bed-8098-63fb2ca07f24,vivus $vvus bear raid in effect. stock down 12%,2020-11-06,-1,['VVUS']
4d370f78-f220-40b3-b18e-82d0f9d8ed5e,looks like a big feb 18-22 $put spread on $cree.  last quarter 0% yoy rev growth trading @ 24x earnings.  i may try a short.,2020-11-06,-1,['CREE']
9bfd2442-68dd-4c11-8c0d-3be7407a3ae1,$yelp wayyy overvalued right now imo. should be trading single digits. may take a short pos. into earnings. near term target 18 ......,2020-11-06,-1,['YELP']
da3089b0-9dc5-43cc-af83-24900bfbc46f,$renn topping tail 5 min. chart at 7.31 short from here.,2020-11-06,-1,['RENN']
428a20aa-4ccc-4c63-af6a-a9475025aaea,$spy weak close,2020-11-06,-1,['SPY']
ad6c5bf5-04d2-4a28-896d-5f9873c8de32,$znga http://stks.co/3rdu looking for a test at 9.25 resistance point. cc @ cfrazierjr @fletchtrade #traders,2020-11-06,1,['ZNGA']
f96ada00-134b-4b57-a6d3-8ceb501d80bf,$efut hod  posted buy pm at $4.40,2020-11-06,1,['EFUT']
532b0f92-f19f-404d-9823-b595e3af8d44,$aapl short some 592.49,2020-11-06,-1,['AAPL']
dcb52cb9-068e-49d3-928f-3c022453efda,"@soullor the regular scrappy q $swy usually presents. sales weak, margins down, debt still way up.",2020-11-06,-1,['SWY']
06bbb85d-8504-4b47-850c-137a98eb8ac5,"$aapl taking out the shorts here, a punishing reminder not to spear the  strongest in the herd.",2020-11-06,1,['AAPL']
9cc1e69f-9005-4224-b893-2ccbbf51fa18,think $fms will challendge 200-ema in not distant future.   look at yesterday's volume,2020-11-06,1,['FMS']
faa1d962-d1ce-49fb-b2be-206ed5797b2f,"rt @dasan @tmtanalyst ...since $aapl mastered their supply chain // in cornering nand, apple mastered everyone's supply chain!",2020-11-06,1,['AAPL']
245e5f67-ea03-4cbc-a19a-e924da02449c,$prlb hanging tough in down market due to analyst upgrades last week. up almost 3%.,2020-11-06,1,['PRLB']
a86bbb62-0143-466e-a2c9-df3171a810a5,$amrn it's accumulating. i think buy now or hold your peace. this should go up today/tomorrow.,2020-11-06,1,['AMRN']
9e07bf26-b201-428e-8fd8-963bd21d5e5f,$axp looking for continuation with volume increase http://stks.co/c8sr,2020-11-06,1,['AXP']
ef47428a-ec93-4f88-b0e8-335db6f57a65,mt @theacsman amazing seeing everyone suddenly touting $msft. long been favorite covered call & double dip dividend play.,2020-11-06,1,['MSFT']
c252319e-fa11-4bf9-a395-cc1386ad3b60,surprising to see $jwn and $sks sales numbers still holding up so well. i guess the high end might not be a concern after all.,2020-11-06,1,['SKS']
9ecb004f-f93d-4e44-91eb-ac19027cc9aa,"ap: caterpillar posts 60 percent jump in 4q profit on steep global sales increase, tops wall st. view > $cat",2020-11-06,1,['CAT']
60acbf56-5b92-4acf-9a78-040556dcd0a4,$spy long 1/2 position 137.89,2020-11-06,1,['SPY']
85ce2650-720a-42ed-ac56-48c4afc79554,$aapl price momentum weakening going into the close.,2020-11-06,-1,['AAPL']
b1c04262-14a5-4ba8-ba4a-97b86037feca,rt @acinvestorblog $aapl still on track for $500,2020-11-06,1,['AAPL']
8c07cb46-07b6-4107-957b-dfb7190b225e,$spy $mitk fast 56pc dive http://stks.co/3ffn $$,2020-11-06,-1,['SPY']
93f289cc-97e9-4487-b2fa-ff4dac4324da,$bac in for swing trade  looks like want go up,2020-11-06,1,['BAC']
aa31ef73-aaec-49ea-8d40-374f79bdbcec,$pcln runs into the 50sma on the acquisition news,2020-11-06,1,['PCLN']
142fe4c4-adf3-410f-a97e-a96b9c510a24,$aapl short term fund/redemption liquidations.. should have the channel cleared soon and on solid footing. $520 is new floor come july! :),2020-11-06,-1,['AAPL']
d254fccc-2be7-4803-bb4a-95a561988761,$wynn big bounce,2020-11-06,1,['WYNN']
12320332-431c-40c8-9c59-828405221df0,$gld http://stks.co/44ow on closer inspection.  resistance 10 points north at 200d and downward trendline. chart 2 of 2.,2020-11-06,-1,['GLD']
8e65b62b-ad0d-4bcc-9f1a-8da4743d538f,$aapl wants lower. up waves getting smaller on the 2 min,2020-11-06,-1,['AAPL']
f82f60ba-b877-4c3f-a861-65051243183a,short interest increases yet again http://stks.co/e19h via @ryandetrick $spy,2020-11-06,-1,['SPY']
2d2ad087-0027-4a41-a6f2-a8b97c26258e,"$qcor a little pullback is fine but if this erases all of todays gains, i cannot believe the manipulation its capable of",2020-11-06,-1,['QCOR']
f6328963-bfee-4437-931d-1ca5951f3e6c,$wmt bullish with macd crossover with rsi and sto going up - above 73.4$ ma50 res. could run http://stks.co/ggcq,2020-11-06,1,['WMT']
89a7feca-d574-4d72-b200-c27da165474e,rival companies $gwr and watco eyeing $ra w take-over interest.  http://stks.co/o0xy,2020-11-06,1,['RA']
38dd84e1-c08d-411f-b959-bfe2e8a6200d,$aapl 620 resistance area,2020-11-06,0,['AAPL']
616635aa-e4fe-4cac-a856-e95f9f7084f0,what is up with $hk..... from jan to now it's been a sinking ship...,2020-11-06,-1,['HK']
b4798e23-0c9d-46e7-9088-37b69b1e705b,"$wgo's bod was right to reject the offer. that company is low because of the economy, not because of any type of mismanagement or anything.",2020-11-06,0,['WGO']
35f89b6a-3cf9-41b1-a7bb-b16ec38a663d,i'm no professional anal-yst but i do put my $ where my mouth is. $aapl will do $575 b4 yr.endâ€”that's another hun from here.long leaps =^.^=,2020-11-06,1,['AAPL']
bccf424a-efdf-471b-861d-79d0f15f243c,"$aapl bounce right now has no vol, more vol when it slid",2020-11-06,1,['AAPL']
1f3690c9-94c6-440f-b43d-863fd3c2e51e,"$lulu http://stks.co/o17i bounced off support early in week - now indicators turning up (rsi, macd, smi) worth a look",2020-11-06,1,['LULU']
ba935a77-214a-411e-af39-ce694845c440,$nihd insiders got this one wrong. looking for bottom. rsi under 30,2020-11-06,-1,['NIHD']
4a449162-65ad-4aac-adbd-1692e5a22f64,$aapl long 630.91,2020-11-06,1,['AAPL']
488e3eb8-2b64-4adc-b643-23b1f535d424,"it's a bad idea to make 5 min predictions based on faith: rt @dandyduct $aapl sell signal hit at 584, it will go down for the next 5 min",2020-11-06,-1,['AAPL']
9e0949e1-ef18-4f05-9989-da040773344b,$kcg bot at 2.24,2020-11-06,1,['KCG']
3897db61-09ad-4568-8483-60eee98fcad7,$hznp havent seen vol like this since the runup. lets see one more dip to 2.0x,2020-11-06,-1,['HZNP']
1ba290f4-2912-43ec-ae07-eb39b1099007,pretty steady accumulation off support today.  purdy. $agu,2020-11-06,1,['AGU']
b9405fb2-be85-4963-af4f-276f28016b5e,out of shorts $altr at 38.85 with loss,2020-11-06,1,['ALTR']
233ab199-d665-4422-a40e-eed122e48050,"$gmcr with the way this has been acting, it may fall to 65 today, horrible action since it hit 70 yesterday",2020-11-06,-1,['GMCR']
d0d5b59d-0173-4c51-a37f-d6240c4bc1de,$ebay had a nice breakout of the recent consolidation. congrats to those who had it. http://stks.co/2tad,2020-11-06,1,['EBAY']
82c7c148-3a6c-4524-87d1-b8cf715761e6,"$sds +1.46% 15.32, picking up some speed. may 16 calls now +35% .19: http://stks.co/3eik, next week $16 calls .11c: http://stks.co/3eil",2020-11-06,1,['SDS']
574c139b-daa4-4f34-996b-ef7b687dc121,"$aapl aapl: gundlach slams ipad mini, sees downside to $425. http://stks.co/bdqv",2020-11-06,-1,['AAPL']
d9420c1e-c916-4886-8179-9b884de26a1a,$aapl aug 645 calls +550% .67c: http://stks.co/i9t3,2020-11-06,1,['AAPL']
5d88289c-ff5c-47fa-b333-2060c4140a9d,"went long on this $cog, will see 70's again me thinks",2020-11-06,1,['COG']
2017ba9e-39b0-4dc0-a01e-60ca32833253,$aapl nibbling on a small long via 525.. buying off 13min charts..,2020-11-06,1,['AAPL']
6c80d23c-1519-4435-a2b8-aaf05d8fcd16,added. cost now at 1.54. bounce off of put oi & s1 pivot. @moteltan bto $aapl apr 27 2012 605.0 calls @ 1.66 for ride to 609 ish.,2020-11-06,1,['AAPL']
891eaa64-d931-473f-bc9d-c18539226d5b,"$wac trade continuing very nicely from yesterday, almost up $3 from yesterday entry, deal pricing tonight looking very strong here... $spy",2020-11-06,1,['WAC']
6dd58943-c934-4f4f-9cdf-c363acae7097,equity indexes working on a positive engulfing for march. $sml $rut $iwc $smh $sox  small-caps / semis with a fakeout before the b/out.,2020-11-06,1,['SOX']
e95f308f-5f1d-41d2-a274-e9b7997fe048,$bone earnings stocks poised to pop http://stks.co/2zwe,2020-11-06,1,['BONE']
61662d7b-aa8b-4a7e-919d-3df28a15d53f,$sonc amazing run since middle of march - obvious that the quality/tastiness of their burgers is not being factored into this price advance,2020-11-06,1,['SONC']
e1bdbe58-4b69-4f6e-92ad-6a524dc0e1ad,$lee http://stks.co/24km lee ready to exit bankruptcy. strong volume today.,2020-11-06,1,['LEE']
5e2424cc-2679-478d-a4c5-6c197c890760,$rcon some upside today. this thing is severe low float. if there is catalyst for this guy. it can run.,2020-11-06,1,['RCON']
d234afa1-7c59-42b5-bc41-dac6a27cff44,$kitd looking for a oversold bounce.,2020-11-06,1,['KITD']
15005f5a-32ea-4a71-85d4-c8665ebbbeeb,$ppg descending triangle but i am liking it for an upside break http://stks.co/o9ny,2020-11-06,1,['PPG']
8aded11d-da20-4ae4-9b8e-2ecfa7697ea6,$nsm ascending base breakout starting to gain traction; strong stock http://stks.co/gbsh,2020-11-06,1,['NSM']
4760669e-3a3a-4327-8d02-732891d4392f,$aapl.  test the high today and probably go beyond after hours...,2020-11-06,1,['AAPL']
20fcbb22-f1f5-442d-92ad-f36aef375e98,long $pcln,2020-11-06,1,['PCLN']
095197f8-23d8-44bd-af77-88abc3550cf0,"$hlf shorts made a killing last couple days, might make more if cover and buy back?",2020-11-06,-1,['HLF']
ab5522c2-e9cd-46c8-8659-3ed85c66f4b0,multi top on $mcd chart finally leads to a fall in price.  stability is questioned in the stock but coming weeks will tell.,2020-11-06,-1,['MCD']
31ce3e8d-692b-425f-b8f0-39b8c51e1f5d,$mflx up  pre mkt. looks like gap has been filled....lookin 4 short opt here,2020-11-06,-1,['MFLX']
106d4637-e112-41ec-bd4d-110a91a8c5b0,rt @jan $arna don't think buyout rumor strong enough too be driving this up just yet...when it is this may fly like aapl...// fly how high?,2020-11-06,0,['ARNA']
63df6cfb-5536-4dd2-9d22-dfd70d2b4e4b,$aapl right back in ... - buy the dips brought to you by cnbc. lol,2020-11-06,1,['AAPL']
a1f5d20c-b7db-42b6-9e90-6a6e4389dbf4,$dmnd green and moving,2020-11-06,1,['DMND']
eec0620c-ebba-4d28-85b1-7e341c1674d1,$mtd (mettler-toledo) ready for a breakout,2020-11-06,1,['MTD']
023b3d6b-0cca-46a8-841b-ceabb349297e,$acad under $2 today?,2020-11-06,-1,['ACAD']
f1e69528-f546-4d16-89f5-5dfe81c3c654,$amzn breaking,2020-11-06,1,['AMZN']
4ded3430-3252-4b34-af94-54f49777b167,$ea points to the two facebook games and accuses $znga of copyright infringement. http://stks.co/g3a1,2020-11-06,-1,['ZNGA']
48dc437b-70c7-4a7e-b85a-e22a04f1081e,"$kgc http://stks.co/3qta oversold, falling wedge and positive divergence place it on the launch pad; looking for a bounce.",2020-11-06,1,['KGC']
9ceeeab8-0e50-46bb-8be1-f368387dc992,rt @bman1 $lng looks primed also $eght poised to run too...,2020-11-06,1,['LNG']
fbcd3b43-22f8-42c8-b9f8-ee062babf1f9,$aapl broke descending channel....will it hold?,2020-11-06,0,['AAPL']
de1617d8-fc42-4ab3-9bb0-42a572164f1c,$jnk http://stks.co/2fcm does not want to go down... risk appetite still high,2020-11-06,1,['JNK']
17acb17e-cc4f-4c21-8945-ec303c0686ab,"pnc, goldman sachs receive dividend hike green light (but don't act): http://stks.co/2pa7 $pnc $gs",2020-11-06,1,['PNC']
37f764ba-8a22-4973-be1a-f54fa44e4d97,$amd big dumping... would not touch it for a while,2020-11-06,-1,['AMD']
9bfa1de5-66aa-4a8a-a70a-073a7e50ed18,$gnrc finding support at its 10-day line so far.,2020-11-06,1,['GNRC']
76cb09cf-3ee5-4ad3-9a1d-380155bd1438,"loaded up on $bsx yesterday,looking good now. still think way more upside than downside.",2020-11-06,1,['BSX']
f0ebcd3b-5e95-46bb-8cdd-fd75edd0cc2d,"$qcor just added 3,000 shares @28.",2020-11-06,1,['QCOR']
8c264588-eb6f-487c-9d40-e5e8fa6ba0a0,"rt @stocktwits rt @fallondpicks breadth consolidates: after weeks of steady gains,advances in mkt breadth slowe... http://stks.co/2trg $qqq",2020-11-06,-1,['QQQ']
c1670950-fc1b-4bc1-b134-1e7431d76483,$aapl rejected the hod...should head lower. sitting on the sidelines for now.,2020-11-06,-1,['AAPL']
1962c21b-3530-432d-8180-682cd63538d9,"google, inc. completes acquisition of icoa, inc. http://stks.co/nfei $icoa $goog",2020-11-06,1,['ICOA']
ce9b9bd6-a2c8-4c57-9169-02133468af2b,amazon declares 'best ever' black friday and cyber monday for kindle family http://stks.co/cetw via engadget $amzn,2020-11-06,1,['AMZN']
dd945ca4-0f08-43cc-96c5-20916c618d58,long $vvus shares as a call option w/ an expiration of..  umm.. today.    hitting hod here.,2020-11-06,1,['VVUS']
db3dee2d-3ef7-4868-b7ff-9940f27d983b,$isr- @isoray up 6% and high on volume http://stks.co/ifpo #biotech,2020-11-06,1,['ISR']
aaa8ccec-32b3-4506-85a1-8db9dbbf2b97,$fb nice buyable intraday dip right here,2020-11-06,1,['FB']
c2466638-ea7a-4578-a9dc-976e9ef8de3d,$lscc accumulation chart continues to make new highs showing accumulation continuing to take place http://stks.co/adpo,2020-11-06,1,['LSCC']
a8a033e1-b636-46b0-8f65-4e4b9940312f,$save breaking it's downtrend line on increasing volume. a move above 20.57 could see more upside. http://stks.co/l8y4,2020-11-06,1,['SAVE']
4384770f-26a4-4dd7-8e73-395d6aa10d26,$goog resistance turned support?  it,2020-11-06,1,['GOOG']
55ae4691-cb91-4139-b2a8-88755669e423,$crm sep 40 calls are +35% since entry #bang http://stks.co/dedm,2020-11-06,1,['CRM']
d81ee371-d2c4-47f0-b942-e563fb8e4b35,current holdings via options - long: $aapl $v $gs $aet & short: $vxx,2020-11-06,1,['V']
6ee8605d-a953-4209-8d73-96fac6b9f23b,$aapl i am big out from this. seems its falling towards 530.. :(,2020-11-06,-1,['AAPL']
303c0019-4775-456b-94a2-4ea1067c167a,$pkt momentum building for breakout trigger ! long setup http://stks.co/exvu,2020-11-06,1,['PKT']
cbb4cf49-6273-4ee3-9721-665c73b3313e,$nflx vision : short term consolidation then movement higher http://stks.co/j05uu,2020-11-06,1,['NFLX']
93b0bd3a-5196-4307-9308-a01c8e21eace,$uup at major resistance right now. can go much higher if it can break above. may take several attempts - few days to a week,2020-11-06,1,['UUP']
3eed1e42-9960-4016-979a-eaa03eed255a,$spy $vxx $aapl the parties over loaded on $uvxy volatility is back,2020-11-06,-1,['VXX']
4841d6c4-5c58-49d8-8548-a4b6cb86190f,$brcm raises revenue forecast,2020-11-06,1,['BRCM']
aa043c53-8cd7-4b0d-8a7b-2e9227171c2f,$bbry bye bye sammy. hello bb. sounds like we'll see some green tomorrow.,2020-11-06,1,['BBRY']
8283afd5-36a1-478e-9bc0-92e4ce507fe5,$astx daily technical indicators are bullish. breakout watch over 4.58  http://stks.co/eovw,2020-11-06,1,['ASTX']
eca25cf8-8821-4add-a94a-1d978ed39e46,$edu bouncing nicely after add-on (posted),2020-11-06,1,['EDU']
7cbe8713-1cb5-4241-9d02-be3bb9b7bd60,$yhoo a breakout above $29.83 would constitute a technical entry for the short term trader. http://stks.co/jkuf,2020-11-06,1,['YHOO']
e4bda323-f983-4989-b47b-95e5d43627e5,bullish engulfing of coca cola: http://stks.co/fyco $ko,2020-11-06,1,['KO']
e0d1f530-30d1-4fa4-9922-17b045f83be5,$iwm buy programs popping $iwm for close print cheap money means higher stock prices $spy robot buying,2020-11-06,1,['SPY']
0e3be911-dc71-4ca6-b721-919fcc42e683,"$je looks like we are bouncing.  would be nice to finish over $6 today, and make the hammer.  nice volume from 5.77 bottom.  fingers crossed",2020-11-06,1,['JE']
17703f06-cf0a-483b-afef-dd403f2ae44c,$xlb the weakest sector this year and possible false breakout  http://stks.co/dl1z,2020-11-06,-1,['XLB']
d91373ec-1589-4ad4-aad9-26d5570cb146,"$tyc just about to break out to new highs, lots of technicals looking great right now.",2020-11-06,1,['TYC']
e02d4146-07d1-4ad5-8495-2f3b6f98216e,"$aapl at pivot area on intraday chart- break here could send this to 50-day sma, 457.80 http://stks.co/jpbn",2020-11-06,1,['AAPL']
0ec9af3a-3662-49c8-9dbd-b13be7c740db,"$brk.b $spy  all time high tomorrow? 150k on the a shares, dec 13, 2007.",2020-11-06,1,['SPY']
7fc2bccd-e80e-46f1-86bc-b415472e64a9,$spy wouldn't be surprised to see a green close,2020-11-06,1,['SPY']
acc961a5-32fa-4644-90e7-b1dc77913971,@vegastrader66 looks like good entry for $qihu here.,2020-11-06,1,['QIHU']
158e7c6b-be60-483b-9106-d1093ec12387,$ino back in this am small post,2020-11-06,1,['INO']
d780f283-5a15-46af-971f-a64064ebbb3f,"@harmongreg: $bbry wkly, inverse head and shoulders forming, triggers over 18.50, po at least 30.80, watching http://stks.co/ipvj",2020-11-06,1,['BBRY']
1f9dfc7e-c76f-48c3-8b7b-473b9100a4db,$line biggies must be loading up here at lows..,2020-11-06,1,['LINE']
dae59411-c532-4639-9c87-d4bc1d30febd,$gs is looking weak while this market is moving higher not a good sign. unless $gs can get above 157. early short below 154.00 today.,2020-11-06,-1,['GS']
2140dd08-c9c4-467a-9465-d4992ea7e28e,key level to watch in $fb for today is 25.53-- watching to see if it can hold as support http://stks.co/boh4,2020-11-06,0,['FB']
83e2b7ec-f24b-461f-b737-abd2aa51aa65,"$yndx and the price of some stocks was 2 times lower then annual earnings, i could not resist, i  was buying when everyone was selling",2020-11-06,1,['YNDX']
a5f50957-47ee-4488-9eeb-ed89533d37b0,"red daily triangle on $shor,...scaling up on long position http://stks.co/r82s",2020-11-06,1,['SHOR']
e770852d-ef5a-445d-a64d-ecdb5f755d64,@megaas2000 $aapl mcdonalds had a big growing success for years with the same bigmac and apple update and improbe iphone and ipad,2020-11-06,1,['AAPL']
5cd1734a-0cb0-47a3-a8ab-aeb5e2c64018,ea launches origin online game distribution for mac http://stks.co/aktu via macrumors $ea,2020-11-06,1,['EA']
c5b2589d-fabd-49a3-9140-00e0464add7d,$etn upgrade today by ms to overweight.  excellent company and leadership,2020-11-06,1,['ETN']
67e7f81e-a6d6-4a71-9700-fd762a83cf2f,"$aapl double bottom could be in, keep in mind",2020-11-06,1,['AAPL']
9defd31c-2fe7-442a-b9ce-c98210ba3603,@joerazorback this time i think $aapl will miss again. generally speaking market is near top when everyone thinks that market goes only up,2020-11-06,-1,['AAPL']
10e5087b-2029-476e-883c-24bba95cbf60,"$amrn full bull call spread ranging july to jan 15. lets see what this baby does,",2020-11-06,1,['AMRN']
95363686-d78d-41d4-a3b0-4d209ad33bd3,$fb dax says bye bye 2013 - finished a great yr w 28% plus!,2020-11-06,1,['FB']
ce13a875-27f2-47a4-a3f6-ff892748df8e,@ch_roark: $unxl i like this ascending triangle on the 30-minute chart. breakout coming monday! http://stks.co/at3glooks promising.,2020-11-06,1,['UNXL']
e2cdda77-4025-4bf5-b6c1-b6c95aba562e,"@stocktwits: @kbkiwi: $tsla tesla model s sales exceed target, profitability guidance amended upward: http://stks.co/jq0w""""",2020-11-06,1,['TSLA']
521f4e2b-2d01-4f15-86d2-48742e63996d,"long position on $gol,...updating http://stks.co/fdmm",2020-11-06,1,['GOL']
f929c86d-5011-4d5f-b6bc-763d538a4ea7,$smh got a sell signal on 6/4 and needs to take out 39.28 to go higher otherwise headed lower than 37.60 gap below at 35.38,2020-11-06,-1,['SMH']
5aa80fcb-44c7-4459-8b12-ebc02e1160e6,$osur up 33% since 6/25 buy signal. resistance 5.33 - expect 1. pullback 2nd half of day or 2. break abov 5.33 & continue rally for 4-5 days,2020-11-06,1,['OSUR']
98f2b472-5f5b-46a2-b380-bf987eb90339,$spy could the pride of social media be gettin ready to fall?  $fb - chart rolling over?,2020-11-06,-1,['SPY']
886cd189-98be-4961-b7bc-bc96c4ab6686,$nflx +3% of the lows,2020-11-06,1,['NFLX']
acbf59f4-439d-43e1-ad97-4821bcdf0c78,$sbux getting sold here.,2020-11-06,-1,['SBUX']
9dfd1e70-de2c-4856-88d9-3c7e6d0c11f5,$pg ackman making the big added efficiency argument. betting on operational imporvement in a huge conglomerate can go either way imo.,2020-11-06,1,['PG']
744fcf96-7015-4d9b-8285-4cb8cbde346e,$rimm $spx $nya $compq $djia all going down,2020-11-06,-1,['SPX']
5ac254e9-3e7c-450d-ac12-dc3f61cbe95f,"@ifhedieshedies: @bullhorn334: $znga shorts are getting nervous""""",2020-11-06,1,['ZNGA']
efead00b-7e86-4103-a4fd-6ba3e5433d72,$ocn has the stuff. will be looking to add shares if we get a new high breakout.,2020-11-06,1,['OCN']
0886a3af-ae36-4220-8925-fc1294489cfd,$bbry hearing rumours of a major joint venture announcement.,2020-11-06,1,['BBRY']
4fd40173-8930-4a8b-a401-33245b765636,$aapl good time to buy. will the run come before earnings or after?,2020-11-06,1,['AAPL']
89fb38ad-6961-48c1-a916-4890b8f8a175,"$qihu totally missed this one, was about to jump in on that 60 break test but didn't, congrats shorts",2020-11-06,-1,['QIHU']
37177dfc-0314-40d2-8960-65613ecd1e89,$uvxy put the chum out there at key support then next level down - careful,2020-11-06,-1,['UVXY']
87ee969a-e7f6-44a9-9321-00f449199a11,entering long lockheed martin $lmt at thursday's open. http://stks.co/exta,2020-11-06,1,['LMT']
f02df835-a170-49fd-bf6f-8f1164cf1934,@catskillfishing  note the monthly chart of $gdx & how it recaptured support. $gld possible double bottom set up. http://stks.co/aw6z,2020-11-06,1,['GLD']
fbe4bd02-74b1-4420-ac17-5e8fd9a79162,"key price to watch in $nflx, off the previous double top reject, 218.23 http://stks.co/siyn",2020-11-06,-1,['NFLX']
2ae43228-84f1-4e64-b698-664534ce3bff,$spy tomorrow party time for the bears!! $goog and $msft -5.5%,2020-11-06,-1,['SPY']
02e68030-b36a-4c78-a453-ea663aeb70f6,"$slv -4.44% at 18 now awful, down from 42.50",2020-11-06,-1,['SLV']
3d23cc4d-db4d-43bd-93ee-7330e4b08239,$spy c'mon bulls buy dips!,2020-11-06,1,['SPY']
ce8d26f3-f419-409c-b157-a71ef4ef500e,@gakrum nice chart shows distinctive down channel not a dip.. where do you see the bottom? $spy ..$150? ..$130?,2020-11-06,-1,['SPY']
732e60f9-421a-4b65-ab47-12ff88e23dfc,$dxcm - making higher highs & higher lows as it consolidates over past several weeks. 26.70 was all time high (2006).,2020-11-06,1,['DXCM']
b469075e-b2a9-4dc6-953e-10d837513d17,"#apple breaks major support, here are some levels to watch - http://stks.co/jrmw $aapl $qqq",2020-11-06,-1,['QQQ']
327f8b00-7671-4a4b-bc5b-569fae5e3361,$crus upgraded to a buy by alpha street research,2020-11-06,1,['CRUS']
a6c9472e-9933-4bb2-a368-923de92f1846,"$nflx small pos, short 180 wkly puts.",2020-11-06,-1,['NFLX']
b2eb751b-4a3d-4e63-988b-85ff13e5b066,$tsla i see more downside in next two weeks be careful -20 dollars drop potential vs +10 up moved,2020-11-06,-1,['TSLA']
26482033-5119-4d0e-8591-828a74a370f5,$fb big money is pouring into facebook from all directions;http://stks.co/sowg,2020-11-06,1,['FB']
e5f5b0c4-938e-46c8-8144-780865c5daa1,$lulu #outlook #q1 2013 #lost revenue in the range of $12 million to $17 million -not good,2020-11-06,-1,['LULU']
59b83f23-4e8d-4b2c-a9a6-6dd4288292ad,@dojiknows th sp and the potential of qnx bes10 and bbm  cross platform will bring good news in time $bbry,2020-11-06,1,['BBRY']
62db22b5-dfad-42f1-a18d-207cb2c9c424,$nugt longer term bullish,2020-11-06,1,['NUGT']
d218b1d9-924f-4ec5-b788-46a0cb4dfa70,"2nd raise this year.  ""@bvhealthcare: $qcor questcor increases quarterly cash dividend 20 percent.. http://stks.co/goan""",2020-11-06,1,['QCOR']
81ccf2d5-762e-4148-959d-1c1551af0989,$pay 2nd time test of the 21.20-30 b/o zone.  still not breaking out.  moved my stop up to 20.80.,2020-11-06,0,['PAY']
16f22037-77ef-4e3d-9a1b-b33258dcca41,$spy  still wants higher i think.,2020-11-06,1,['SPY']
f109fe91-9d6d-4d61-bd29-4918bc8ae4bb,$bbry lets see 14+ today,2020-11-06,1,['BBRY']
5e1911df-368c-4aae-a94e-5ab7e9e83a4a,$dcth near hod,2020-11-06,1,['DCTH']
430391ef-6ea1-40c9-9e27-1beeec297dd9,$msft sql server revenue grew double-digit with sql server premium revenue growing over 30% http://stks.co/ir2f,2020-11-06,1,['MSFT']
413434c6-d63f-47aa-a101-158d51f8ae93,$gte long at 7.44,2020-11-06,1,['GTE']
c9f472c0-50d5-4365-85ae-3de954d816b7,$dara breaking out,2020-11-06,1,['DARA']
cf82d439-51ce-497d-ab16-18dc52c84ca1,$tsla gyrating @ s1 above gap. keeping an eye on s2 http://stks.co/jqfb,2020-11-06,1,['TSLA']
a4dde17c-d530-46cb-a555-ca3632d99940,"$cnp sell short position on cnp,...closed for profit $ 59,367.00 (7.75%) http://stks.co/ghjc",2020-11-06,1,['CNP']
95a68f37-a54b-438a-882d-ec06225fe83e,$bbry actually lost .03c per share if u incl vz as no debt and 3.1 in cash.,2020-11-06,-1,['BBRY']
38b6ade8-5c1d-48ed-a636-0f58cf9849d9,$bbry nice bounce,2020-11-06,1,['BBRY']
efe573a8-87ab-4663-bd05-a38f1275ad40,"$dnn picked some up, like this going into 2014",2020-11-06,1,['DNN']
8545a43f-cc5d-4741-99be-fad9610f0a5d,$nugt gold above 1400...wow,2020-11-06,1,['NUGT']
350a42bc-69d8-409e-8b95-d364db882568,$bbry ready for take off!,2020-11-06,1,['BBRY']
08ec7d17-ad5b-4877-abf9-25d364d54b30,$volc this stock has a very very very very very high probability of rallying tomorrow and/or early next week,2020-11-06,1,['VOLC']
92370fea-f700-4ea4-9f84-9055d8f3be56,"$yoku high volume blast off friday, goes higher  http://stks.co/qsal",2020-11-06,1,['YOKU']
efdc7793-a08c-4a8a-8152-0dc6e52fcefc,$aapl key is to breakout above 460 on solid volume or else it's a no trade for now,2020-11-06,1,['AAPL']
b48dff08-1be6-4e37-b1fa-6aa162a0143a,$spy bumping its head on declining daily 8ma as overhead resistance. then the big brother 50ma just above that.,2020-11-06,-1,['SPY']
2b8a98a3-9cd9-471b-b790-d345098d574c,"long position on $ip,....scaling up http://stks.co/siln",2020-11-06,1,['IP']
bec4cf10-0ae2-46ef-a9ab-a5c504de80f4,$fb churning in high volume @ ipo price. lot's of sellers trying to get out. might take a while here to consolidate before moving higher.,2020-11-06,-1,['FB']
ebb88e18-8f3e-4fd0-b761-c41914f68fd6,the boeing company (nyse:ba) bearish trader bets $550k that stock will sell off 9.79% by july expiry $ba http://stks.co/tcse,2020-11-06,-1,['BA']
ba8d5e1d-0900-4513-a3c8-8269992e84ed,"$txrh reports q1 eps of $0.37 versus the estimated $0.35, beating by $0.02. eps were up 19% from the same quarter last year.",2020-11-06,1,['TXRH']
91cf895c-6b07-4a74-8e50-4320a9706f12,"$aapl is now beaten down, hated, etc. / hhhmm opposite of 700> what happens next?",2020-11-06,-1,['AAPL']
20ab4123-911b-40b8-9811-7d8a2fab748e,@asdfllc. nice pop today. told ya we would be green haha. funny you bring that up. i'm actually working on a story about $nok at the moment,2020-11-06,1,['NOK']
cfe98fb6-bf20-46b2-aa71-b56df1614cfe,$amcn pushing highs,2020-11-06,1,['AMCN']
ecbd5b01-e16a-4718-9a7a-d6e113efc6c5,@pierrules: $siri long!!,2020-11-06,1,['SIRI']
2bfc46d7-4ab5-4d6d-b05d-9c7647f130c7,$fb shifting on the 15 minute here - suspect to take highs,2020-11-06,1,['FB']
405fbe55-d25b-443e-9640-4366d2d37951,$amrn you can many times find top and bottoms when shorts start rejoicing or bulls start rejoicing. currently it is the shorts rejoicing,2020-11-06,-1,['AMRN']
fe58eca4-3810-4151-9390-35c5e453541e,"$cndo 21% short float, shorts likely to take profits into close",2020-11-06,-1,['CNDO']
399bf9b9-4727-4052-8016-4aee74f18da3,$rnn staying above the open a very good sign!!!,2020-11-06,1,['RNN']
1480bf35-04d0-46de-9cc5-9e12b49bca3a,watch these bancos.they're holding up relatively well compared to the broad market $xlf $bac $gs $c <--large c buying in $bac in backburner,2020-11-06,1,['XLF']
05c6724c-fe30-4b17-b77e-2e994cadeef4,$cat is hangin on my a thread. 1click away from a cliff drop.. needs follow through (or snap-back on the vix),2020-11-06,-1,['CAT']
52f4ff93-e86d-46e2-a388-4e51a0926251,$prgn a bottom right here?,2020-11-06,0,['PRGN']
a0de7828-a7c8-4346-bbb2-a8d51322c9b8,"$spy less than 0.2% down and people are calling it bearish. some heading for exits already. maybe 1% down will be ""the crash""? disturbing!",2020-11-06,-1,['SPY']
8057c2d4-5061-46a9-a304-03c2a12cf213,"$p bull flag on the daily, earnings on the table tomorrow +/-12 move.will straddle this one into earnings..lots of vol guaranteed here",2020-11-06,1,['P']
1bf4d3a0-8a0f-4061-82c9-46a5bdc8f9b3,$aapl action into the close indicates that $aapl probably hit a near term high.  momentum slowing after a huge run.,2020-11-06,1,['AAPL']
04ab517d-0480-4e78-8029-9a3522553852,$v a potential bearish shark pattern if point b $226 to be taken out. http://stks.co/i0ggh,2020-11-06,-1,['V']
b6729091-4c78-44b5-804b-d5078914c531,$amzn trailing 12 months operating cash flow rose 48% to $4.98 billion & free cash flow decreased 63% to $388 million http://stks.co/c06zg,2020-11-06,0,['AMZN']
7e5f665c-d9aa-405d-a1d4-6879283684fd,"$rnn day traders flushed out, it should start going up slowly from now on .",2020-11-06,1,['RNN']
cfac0dd1-47d4-46ba-baa5-fd31e0bf2ce3,@chessnwine: $iwm 30-minute chart. small caps threatening descending triangle breakdown under $110.20.  http://stks.co/r0kkm,2020-11-06,-1,['IWM']
eb1498a7-3b9c-4775-aa50-3993b8305450,$yelp this goes green and so many shorts are toast!,2020-11-06,1,['YELP']
845dd871-a5e5-4923-bbb6-dfddeaf76f50,rt @tomhend777 $mu needs to hold here -broken for now. needs big flush. still not technically oversold so now big bounce yet,2020-11-06,0,['MU']
1c7e6176-0127-4ebd-9aeb-2f253f4be5f2,$amrn got sell signal 7/1/14 still in force with target below 1.50,2020-11-06,-1,['AMRN']
d7b86b8a-cae9-45b9-a986-633c869dc3e3,"$slv pos, been saying it for 2 years. going lower. forget about it or go short.",2020-11-06,-1,['SLV']
cb8b76a2-0c38-4199-b597-e097428da031,new recommendation from carl kirst of bmo capital markets for $wmb is buy.price target is $62:http://stks.co/t0s0r,2020-11-06,1,['WMB']
f2b40643-f2eb-4bab-ab33-785231360d1d,$dnkn $kkd $dpz $loco inside week buy triggers. http://stks.co/h0vv8  http://stks.co/r0ebn,2020-11-06,1,['LOCO']
0ef4f480-ccc4-4444-b2d7-4659378ecadf,"$rig whos ever pushing this is crazy, get ready for suspended dividend (turning into growth stock) blow out earnings, and major buyback, lol",2020-11-06,0,['RIG']
d76a99c1-7aa5-4c02-96c1-30a270fc47bd,$aapl nice rsi 33 bounce at 9:58,2020-11-06,1,['AAPL']
14ee1048-d31f-4e74-bff0-d407acebf226,"$axdx i got bored, and took my proprietary profit exit. i didn't like the option liquidity and lousy spreads.",2020-11-06,-1,['AXDX']
2a7c08d2-4d37-43e8-bbfe-9a28cf6d0274,$nflx easy pop to 500$ by end of feb.. then steady as she goes for 600 into second earnings report..800$ year end no matter what,2020-11-06,1,['NFLX']
62facdc7-8a6e-4fd5-b0dd-0346499c5139,$iwm relative weakness is pretty apparent but the short boat is getting full on this one. i prefer the boat closer to empty.,2020-11-06,-1,['IWM']
763637a2-fdc6-4a3f-9511-9d6da92bbc9f,@saltwaternurse $ino can test 10 again in next few days. time to take some profits here. or hedge with puts.,2020-11-06,-1,['INO']
b76f8575-f101-463b-b177-e665d62b9b45,"@stockoptionexpert: $mat - 6%, big trader added 10000 april put contracts 3 days ago  http://stks.co/c1ols",2020-11-06,-1,['MAT']
bfa82ceb-5bd9-4619-a94f-b8e934a5fb87,$fti breakout today after reporting earnings last night,2020-11-06,1,['FTI']
0daf9ff7-8e31-4cee-b3cd-85dc2c036fa0,"$ko had missed earnings expectations for the last two quarters, so today’s strong results came as a major surprise http://stks.co/d0rhf",2020-11-06,1,['KO']
8cc0d1e6-3412-4241-a5fd-e32923747319,$coh gaining momentum! nice buy signals here! long over $35.92 http://stks.co/t0tah,2020-11-06,1,['COH']
cb7c3813-56de-4bc0-afec-7cc874893b8c,$baba may take a few days wks months watch what happened to $fb $twtr after they ipo. mrkt needs to washout. to hunt well need 2 wait stalk.,2020-11-06,0,['TWTR']
85af2644-3c91-4212-8700-e63179ac6fac,$rad all my charts are flashing oversold.,2020-11-06,0,['RAD']
36e06ba5-f056-42c7-bcbf-9504dcbc0bfc,$rsol bought 3500 shares today!,2020-11-06,1,['RSOL']
65c9219a-fc60-4970-aa22-de9cda2e2f69,$aria this is the reason why shorts don't show up...long steady small climbs. the best way to accrue value. imo,2020-11-06,1,['ARIA']
b7e00e61-6740-4668-9a8d-5df3e4b93ee8,$camt looks like might break down. i'm out,2020-11-06,-1,['CAMT']
d3604aa3-2dd8-4a8a-b942-c1a3c07d2e37,$athn seems like a good short setup. stop above the 50 day. no position.,2020-11-06,-1,['ATHN']
3f0314d5-ae0f-4649-a9ec-110623518cfb,$kior my god. market getting crushed today. gotta hold if anything g should recover some tomorrow i imagine.,2020-11-06,-1,['KIOR']
be9751dc-5421-4fa0-8dd2-9b7d563c352a,$aapl  downgrade is bias. this stock is a buy.,2020-11-06,1,['AAPL']
5570939d-6ded-41f8-89cc-1dcb80495994,linkedin revenue up nearly 50% http://stks.co/g1f4t  $lnkd,2020-11-06,1,['LNKD']
6846374d-fe00-43a5-8044-606cd9a45bc0,$plug bear raid,2020-11-06,-1,['PLUG']
5af6af45-b0a9-4679-b03f-7d6396ff8e5c,$gpro down 25% since tue morning.,2020-11-06,-1,['GPRO']
5c451611-a2fd-41f3-a41f-abf86ca483b5,$rost ross stores upgraded to outperform at rbc capital markets http://stks.co/j0q9t,2020-11-06,1,['ROST']
45c19e0f-84c5-4cbf-b0c3-4565728b11c6,$aria bounce player! long above $6.17 http://stks.co/q0wff,2020-11-06,1,['ARIA']
4b16ac4c-23b2-4ea9-8b4d-18a73d1ca255,"$tsla looking good..i'd love to see a basing action here, letting the rsi take a breather. http://stks.co/g1t7c",2020-11-06,1,['TSLA']
aa99e04f-dc8e-4309-8f37-d53fb6ae30b8,$rad i would consider this opportunity to add my position because the company is on the right track they are still improving sales...,2020-11-06,1,['RAD']
077d70a8-f8ea-4ec7-9da2-ec0e1d7d936b,$gtat will re-enter short on bounce...,2020-11-06,-1,['GTAT']
95dd719f-bba2-4139-82ed-7f3d3672dc28,$trow ascending triangle gives a bullish bias to this chart. breakout above 84 will be positive http://stks.co/g0ls5,2020-11-06,1,['TROW']
66ff9b6c-f598-493f-8f65-bd7263932e58,$aegn macd and adx are crossing over the signal lines! long setup http://stks.co/qzzx,2020-11-06,1,['AEGN']
e210885a-b786-4321-97b6-c9f382d277b3,what #stocks large players are selling http://stks.co/t0vel $crox $gogo $ino,2020-11-06,-1,['INO']
444c2141-39e7-4f98-adf9-607d98fbc1b8,$rnn more bleeding monday.,2020-11-06,-1,['RNN']
66481605-ac31-4119-a0f4-c49d1c5c6d2d,$plug closed short position. small gain. not interested in options expiring worthless,2020-11-06,1,['PLUG']
5710e5ab-d24f-4566-938c-17fe73ba5174,$ubnt still having some trouble at the resistance line. should resolve soon.@cheri1 @strattonite   http://stks.co/c0su4,2020-11-06,0,['UBNT']
3515ab88-7cee-45f3-86dc-86bbb7da4914,$twtr the best scenario going forward is this stock slowly falling everyday....which is quite probable...,2020-11-06,-1,['TWTR']
62b77343-89dc-4fa2-92c0-44ce1c2c4d84,$mxwl oh snap. just went long again. lt,2020-11-06,1,['MXWL']
fcce8202-e394-4376-834a-be04ec004b2c,$hrl ready to pop! http://stks.co/s0ny4,2020-11-06,1,['HRL']
c1adf91c-8b8e-4fcf-ae09-0971d233446a,just stumbled upon this amazing chart - $ofix - holy guac. super overbought. http://stks.co/e0px1,2020-11-06,-1,['OFIX']
b48b1a18-847c-442d-b44b-8f1c2d0ea59c,$fb i guess they want it down look at the those sell orders,2020-11-06,-1,['FB']
d7f8cdb3-90c5-4bdb-9d75-7c2d9e6fc162,@acinvestorblog: $spy eod run :),2020-11-06,1,['SPY']
6e751c4c-03ea-43c8-9f8b-bcc1b8953cf4,phew! so far good $bbry did not break 10.40 coz i was told that is key support level.,2020-11-06,1,['BBRY']
dc81c6ab-7ae8-471f-841d-7c8d5b029ed3,$oil slid to a four-year low after #opec kept its oil production unchanged  http://stks.co/a1ix4 $uso $wti $brent,2020-11-06,-1,['WTI']
ccd130a8-0783-4308-8a90-a9e212050389,$cdti bounce here on support or h&s setup this area is very important for bulls to not lose http://stks.co/c0mf3,2020-11-06,1,['CDTI']
16970f2f-5322-43d9-92f7-af45b6051686,$lnkd daily phase 2 retest - price experiencing early rejection. can it retest? http://stks.co/t04xx,2020-11-06,-1,['LNKD']
72bc3799-c6e4-4f21-82db-9090338123a6,3-star analyst joe wittine from longbow research reiterated a hold rating on $ntap.,2020-11-06,1,['NTAP']
3d110462-8780-4460-99f5-0ecc14e9330d,$goog testing the 200 day after some consolidation http://stks.co/h0cpj,2020-11-06,1,['GOOG']
4917857a-c508-4355-a158-11aff66eddd6,walter investment management corp receives a sell from compass point $wac http://stks.co/c1ivx,2020-11-06,-1,['WAC']
931820d7-e9fa-4f49-b6f6-9cd103b94237,"so as of today's close (8/15/14), i'm long $tsla $amtd $twtr $fb $aapl $celg - all on a longer-term, technical swing long basis.",2020-11-06,1,['TWTR']
87b18810-5155-40d0-abf1-ecad16ea7752,"$hal if bulls lucky enuff to get an upside gap fill, better take it. wouldn't chase it here. http://stks.co/r12us",2020-11-06,0,['HAL']
0795a319-77eb-4f8b-a736-e6014f911f0f,@1nvestor: $soda has a 42.71% float short. lol  http://stks.co/e0dfp,2020-11-06,-1,['SODA']
c0966332-b30d-4e65-890c-6a0432516ce9,"@brooklynbandit: $simo basing nice. a close over 24.18 is bullish $qqq $spy $study watch for a close near hod. currently up +3%"" up +5%",2020-11-06,1,['SPY']
a31bad47-36d6-4566-90a6-5e1f02c4d4d5,$kep breaking out when the market pulls back  http://stks.co/r0cet,2020-11-06,1,['KEP']
21ca2bf7-0562-4b46-98c9-eddaf7eda425,$vips similar pattern like beginning of may. did u sell? same now..will go up much higher after this drop.,2020-11-06,1,['VIPS']
93d850b0-790c-409e-bf42-e9a1486af882,"@binkster69 not that. it's just er's lol. but looking at the correlation of $aria and foreign price charts, they are all poised to breakout.",2020-11-06,1,['ARIA']
68b84b8f-ced7-4c84-9a62-7d113d0c4e98,$gdx $gdxj $jnug - strong move today for the junior gold miners - keep an eye out for a gap fill -,2020-11-06,1,['JNUG']
34c98b2c-fe42-4c68-8ddb-a8910c1cdc59,@bullya @pollux654321 my 50 $kors 80 calls are going to b a blessing for my daughters tuition!,2020-11-06,1,['KORS']
2bc896ec-33e7-443d-8dd2-f2b7951efc7f,$fb they are hitting  everything in sight.short it. but twtr,2020-11-06,-1,['FB']
16ce5d48-324a-43b8-ae59-61378ab69e13,$tsla you have to love these types of articles. ss interest rose on 12/15 on day before we hit our lows. http://stks.co/c1qkr,2020-11-06,-1,['TSLA']
f846fcaf-0a6c-470f-92fe-5d1dc5ca70f1,"$kndi let's see some higher highs and higher lows rest of the day , slow and steady",2020-11-06,1,['KNDI']
59c3b6f2-9238-4198-a18c-7718168f17a4,"$iff technical alerts: stochastic sell signal, 200 dma support, and 50 dma support  http://stks.co/p12qy",2020-11-06,-1,['IFF']
2e64017c-64f8-4254-85f4-ea7aab979c26,"$ino up, up, and away!",2020-11-06,1,['INO']
f8c1585d-5f3d-4f1a-868e-1440000d1327,$bobe down $2.84  premarket,2020-11-06,-1,['BOBE']
72a4e73a-e2a3-41ae-a13e-b1de4243b110,$chrm loooooongggggg base,2020-11-06,1,['CHRM']
e4cc901e-24d8-4a12-825d-3b13e04cf875,$nq got hit hard lower this am --> looks like it has found support a 18.89 http://stks.co/s052z,2020-11-06,-1,['NQ']
79dba470-b893-45f6-ab7a-f46f590b0a2a,$rsh - looking for first profitable quarter in 3 years!!!  ;).  long & strong,2020-11-06,1,['RSH']
5d468bea-2f70-4070-ab55-b480e1215717,$gs sells flat..i am out..,2020-11-06,-1,['GS']
7230149a-0c15-4eb8-aa0c-7c75bcf0915d,synergy pharma soars 67% today on positive phase 3 results $sgyp http://stks.co/j2awg,2020-11-06,1,['SGYP']
d1e2a482-c263-419d-a4be-28af55b01659,naturalgas settles at 3-year low $dbo $bno  http://stks.co/d27qx,2020-11-06,-1,['DBO']
30ac6480-ffaf-4172-b7d6-a0fe6cfa2b6d,$wx decent pull back . .,2020-11-06,-1,['WX']
d264fbd2-a1b0-4710-a1c7-fcb08f6af0c1,"09:01 am      $aks  dj ak steel revenue rises 36% on auto sector demand, acquisition",2020-11-06,1,['AKS']
d32d5ea1-87bd-4f48-a1f7-486e2f515062,$bbry both 1m/6m trends turn bullish today with a resistance level at $11.31. http://stks.co/j1qt6,2020-11-06,1,['BBRY']
57752e8b-3795-4dfa-ab70-287d4e1c044b,long $gpro for a brealout trade,2020-11-06,1,['GPRO']
b33b0931-ebd3-4e4c-a7b6-5473efb4e64d,$ugaz will this cold put a dent in the massive horizontal rig production. who knows  http://stks.co/p1v6p,2020-11-06,-1,['UGAZ']
66e4c5c9-6c22-4230-a214-3a30fc243f43,$isrg - isrg short - http://stks.co/f1vvu http://stks.co/c1qrm,2020-11-06,-1,['ISRG']
02b00e71-4444-46e3-99eb-0d09ea7982f3,"$hpq says breakup will cost billions, but sees savings too http://stks.co/p27hz",2020-11-06,-1,['HPQ']
4be33627-a22d-4320-b8a1-a8d7ea2f27a9,@renatta @fr0van @kjepeneter @rptl  strong close 4 $plnr  coming,2020-11-06,1,['PLNR']
7da4c2e0-19c2-437a-b3c3-b642c8157571,buyback not trending right ( $cpix spending more as shares pricier). hopefully will pull back w 6.87 q2 closing vwap,2020-11-06,-1,['CPIX']
1fc3b3af-e562-4f5e-8950-376c2bc54f18,"$gild sandbagged the guidance so the can use that last 3 billion up.  cc was cautiously optimistic, wait til next er for confirmation",2020-11-06,0,['GILD']
aa93ca8a-4f63-400d-bb3b-44fd7942c7bb,end of day scan: stochastic overbought $jdst $free $blrx $lpg $afsi $dvax $hdge $aht $alr $asmb  www.dailystockplays.com,2020-11-06,-1,['LPG']
cb0d92c4-2dfb-4c6e-8822-c8df7f98931b,$yang double bottom 5.2,2020-11-06,1,['YANG']
c63d3cc7-1c2f-4d7d-a311-c109b66ea5e1,$hyg potential continuation uptrend on a 60'-15'-4' charts http://stks.co/t1qp6,2020-11-06,1,['HYG']
0da42f6d-e61e-4431-a8f4-7ad78ec8138e,$cytx looks like an ascending channel on finfiz http://stks.co/f26r4,2020-11-06,1,['CYTX']
19f3a125-59f3-40f0-aaab-c34151c52ff6,$aapl now i'm glad i got stopped out of my $113 weeklies when i did. will re-enter next monday for the #earnings run-up.,2020-11-06,0,['AAPL']
78261d47-50f6-4f5f-bdf2-b0213e2e55f8,"$wfm bought a little yesterday, hoping for an earnings pop.",2020-11-06,1,['WFM']
819d989b-4613-46c6-8543-afb858875a05,eur/usd finding support near 1.10 level $ero $uup $udn $fxe  http://stks.co/b29eu,2020-11-06,1,['UUP']
7dec9c43-9735-4894-a903-6014c6bba8b9,$ibio  up 10% in premarket ready for lift off,2020-11-06,1,['IBIO']
ae9ca77f-a071-49c2-b6d8-b624ae8434cf,"recap: $msft rumor this morning had them spinning off xbox unit, stock grinds up all day to close on highs",2020-11-06,1,['MSFT']
6b588121-c4f6-4b3f-8a91-d60eb5cb6cf4,"$aapl aapl finally breaking under the 49 m.a.. with no buybacks this week, look for aapl to test the 120 support area.",2020-11-06,-1,['AAPL']
00c563b4-fb57-41a6-9639-36b29c9e895b,"$dgi technical alerts: gilligan's island buy setup, stochastic buy signal, lizard bullish, hammer candlestick, wid... http://stks.co/c29nu",2020-11-06,1,['DGI']
052a84a1-de71-4048-83e0-238cbb409be8,$luv continues to consolidate above previous break out area...,2020-11-06,1,['LUV']
263cc195-81f2-40a5-9bb9-f754f614ab71,$ren bottoming out again.. good time to buy,2020-11-06,1,['REN']
17dcacce-7065-43b0-9e8d-c187db1e36cc,$googl hit with lawsuit from russian search engine $yndx http://stks.co/b1kd8,2020-11-06,-1,['YNDX']
fdbcee92-1e3e-42d4-a7c4-b7494449509a,$aapl at resistance right here...sold my shares...will buy back if it dips or if it goes in the 128 gap zone,2020-11-06,-1,['AAPL']
57c51ba1-9198-4026-970c-7b4bc1f480db,$gale breakout coming soon!,2020-11-06,1,['GALE']
0272507b-2378-46d3-b7c9-603da44e70f8,"$russ don't catch falling knives, but i think an entry is coming soon on this",2020-11-06,0,['RUSS']
5bd66a9a-25a3-46dd-a1c0-bbfcbae67b4d,$aapl $131 rally mode,2020-11-06,1,['AAPL']
826414a4-cce5-4b52-a97e-fe2f0a9a2147,$mpwr ceo sells 450k april 15th..meh,2020-11-06,-1,['MPWR']
72648d9c-43f9-4462-b12c-d070a17973a1,"homebuilders - $ryl breaking below support, watch this one.  $spy",2020-11-06,-1,['SPY']
3e868294-3a3c-4f7c-a72a-f39edbf71563,$aapl afternoon selloff as usual will be brutal. get ready to lose a ton of money.,2020-11-06,-1,['AAPL']
0f5d3738-6e77-4000-bd2f-1f36eae8d94d,$amzn going thru the roof needs a sell!,2020-11-06,1,['AMZN']
582c5584-1172-4358-aa10-eb5f0c6dae00,"$esi on lows, down $1.50 to $2.50 bk a real possibility",2020-11-06,-1,['ESI']
6bf85d94-70b4-4c7d-9d38-308e6f0875a3,short on $atvi from 24.55.,2020-11-06,-1,['ATVI']
3934ca51-7d0f-499c-84c1-b83d5fa23b3c,end of day scan: bullish ma  crossovers $bbva $pds $ntls $ngl $sbrcy $fgl $mtnoy $ttt  www.dailystockplays.com,2020-11-06,1,['TTT']
02275782-6360-4f75-bd50-eb3a8daaf397,"@louiebeene vwap is 1.63, held the trend line. should be on a lot of radars. $navb",2020-11-06,1,['NAVB']
9c121457-1917-4be6-af02-129a57f8320e,$neon oversold,2020-11-06,1,['NEON']
a7848e1e-bc7f-4b64-a241-838d1e9b82c1,"$ssys just re-tested lows . should rise steadily from here. it hit $81 just 21 trading days ago, and $130.86 on sept 18. it'll do it again.",2020-11-06,1,['SSYS']
6a85d4e0-024c-4d86-aee3-d7c728b6580d,"$kndi break that hod on volume, and we have a nice consolidation completed for another run.",2020-11-06,1,['KNDI']
c7c0a6b5-7d2a-48e2-99a2-386b9d83f3eb,$inve : see ya above $8,2020-11-06,1,['INVE']
5cb6e84c-f749-4a6c-8bcb-0c15826be09c,$bxs: bancorpsouth announces extension of merger agreements with ... http://stks.co/s2pdf,2020-11-06,1,['BXS']
59953da0-6726-461a-a2e6-6c229e0b1f81,"maglan capital up +20.84% in february, long fairpoint  http://stks.co/s1eqc $$ $frp",2020-11-06,1,['FRP']
72dc823d-263e-4961-ab89-4551a20cc8b6,exact (exas) flagged as strong on high volume $exas http://stks.co/r26ra,2020-11-06,1,['EXAS']
25f5b4b2-a50b-4f4b-9f2f-46df09cdbd6e,$bioc rsi extremely in long's favor looking at bioc historically.,2020-11-06,1,['BIOC']
21e05b33-12fd-41f5-a72e-40abdfd18155,$tnh looks like an explosive setup if it can break the 20ema and 105 level http://stks.co/b1svh,2020-11-06,1,['TNH']
dbd20b31-257a-4952-9fff-7ccc78f00e00,$vmw  got a nice push today following small sweepers of may c this morning,2020-11-06,1,['VMW']
954f7254-b8d6-4467-8173-5cd65b1bba90,$ddd 3d systems (ddd) stock receives ratings downgrade today at jefferies http://stks.co/g1cqd,2020-11-06,-1,['DDD']
69036efc-4c54-4f98-9906-b40891e79a83,$aapl dips being bought up real quick. higher lows fo sho,2020-11-06,1,['AAPL']
1f225f1e-407c-490f-9625-3caf73a7f02b,long $x 24.62,2020-11-06,1,['X']
a55f6ba1-45d8-4cdf-9c94-d5145bccb32c,$nke gapping up to all time highs http://stks.co/q1jau #tradeideas http://stks.co/r1j6c,2020-11-06,1,['NKE']
9bfb4b8b-a145-40c8-b512-5be816ed1ba5,@intuitiv $clne gasoline prices spike in california. http://stks.co/t1boi,2020-11-06,1,['CLNE']
d0eae472-c5ad-4769-9758-12b2d4d29fee,espn files lawsuit against verizon - http://stks.co/i2cj1 $vz,2020-11-06,-1,['VZ']
b118e2ea-fa61-4ba6-9bf1-b67fc60a9d96,$avgo great growth stk &  also raised dividend . clearly a great investment http://stks.co/r2f3h,2020-11-06,1,['AVGO']
7bf3e219-5edc-46f4-b0f2-2fce829d389a,"$rxii tang really is toxic, they keep bringing the share price down. at least they could let it climb a little before dragging it down.",2020-11-06,-1,['RXII']
14349dd5-807d-4f6c-9760-f5f3bac49d7e,$aapl near a 3% drop thats a lot... now the best i can do is hold er lol,2020-11-06,-1,['AAPL']
ad0ff141-fa99-40fb-ba00-018676d2aed9,$hcp come to the party and buy this -gonna give solid gains and a dividend $$$$$$,2020-11-06,1,['HCP']
d39ff886-f483-4eb1-9942-0da55316b6db,"$onty continues to base as debate lingers. ont-10 data next potential catalyst. if positive, stock quickly moves to $10. downside limited.",2020-11-06,1,['ONTY']
ca2b4a88-656f-4f6e-8873-9a8264e523b7,$spy looks like bear traps getting laid faster than cadbury creme eggs by the easter bunny,2020-11-06,1,['SPY']
7fbe1526-3ad0-4d87-bdf0-1e4182e622b5,$bbry sierra. has a great cash balance and impressive growth rate.would be a wonderful marriage!,2020-11-06,1,['BBRY']
28506134-49e9-41bb-9516-d5aa7e3d81e8,$iwm same conditions that sent markets to tumble all hitting this week,2020-11-06,-1,['IWM']
dbb1e2c1-97f3-4d64-a83a-a1d46f815756,$crk time to accumulate for a long position with far more upside than downside,2020-11-06,1,['CRK']
07d68de1-a362-4382-8241-89dc46f37d96,$bwld bearish engulfing candle,2020-11-06,-1,['BWLD']
cd0e1216-f048-434b-8326-330c981d8fa6,for @vnoto74 to follow:  after a sell signal by $ndx internals [06/23] ~> technical sell $qqq [06/25] ~> down,2020-11-06,-1,['QQQ']
3f7f3961-c776-420a-bbf5-ef10a5748f0c,$awr standard & poor's affirms 'a+' credit rating at american states water company and golden state water company http://stks.co/f2p94,2020-11-06,1,['AWR']
9b87b97b-7547-4e1b-879b-ba1fa5010868,$free ha heeeeeere comes the pump! so glad i picked up 9k end of day! get ready for the bull ride!,2020-11-06,1,['FREE']
a47b74d0-b4b9-4339-b269-2e4b6f068c50,$nuan held up well after the big gains! maybe we're finally on the move on this!!its still very undervalued and has major upside,2020-11-06,1,['NUAN']
9429be2b-92a7-4919-9fb0-fc4854c77d9e,why $mcd looks set to fall further. http://stks.co/f2fgj,2020-11-06,-1,['MCD']
bf0352ae-6856-4ac5-bfa7-707ff1aafc62,@technik i still have a smaller $gild pos. being very tender with cash due to volatility. so reluctant to keep many big positions.,2020-11-06,1,['GILD']
2b2daec1-1216-4574-9d54-b79bb93c097d,$fb bot some @78.47 breakout from the consolidation zone :d,2020-11-06,1,['FB']
09f92805-9c68-4c5c-bb14-6c3b5e7d0446,$xli potential intermediate top in an uptrend on a 60'-15'-4' charts http://stks.co/j1tdf,2020-11-06,1,['CRM']
2abf75d4-611e-48a9-ac01-3b059c25e550,$twtr sad the only thing to move this is a takeover rumor only to be sold off next day !,2020-11-06,-1,['TWTR']
f1077dc0-a32e-4268-8546-aab95b1da605,"$vrtx vertex. monthly -lower hi/lower lo,  long term uptrend intract so far",2020-11-06,1,['VRTX']
8ad9a886-f894-4529-b8af-640f50213441,$gevo plunging!  back to $3.55.,2020-11-06,-1,['GEVO']
62087c53-6362-428c-984d-7ab85bdba12d,energy still failing to close above the 10d ma.  continues to stand out weak $xle,2020-11-06,-1,['XLE']
c94beae3-3242-40fc-afca-e688b7d06c7c,$enb.ca {head&shoulders} bullish reversal setup and breakout. oil and gas pipleline stock. $uso,2020-11-06,1,['USO']
70fd40cc-ce14-45c0-94f3-d028c1468619,"$imrs - it's important to be pragmatic in analysis...high prices could offer head-winds....bullish story intact,evenif the market rolls over",2020-11-06,1,['IMRS']
000d26f6-6632-4700-a367-771af4f15a78,micron shares pounded on fears of loss of business from apple; stifel defends $aapl $mu http://stks.co/t1z8t @marjo,2020-11-06,-1,['MU']
2c6e9ad3-38b6-40a4-9113-27365861bd9d,"$chkp abc bullish pattern, targets https://t.co/uvmmrsr5zy",2020-11-06,1,['CHKP']
89e87678-f9cf-45ff-84a0-d2da2404009f,$tsla is now up 57% from its february low. amazing rebound.,2020-11-06,1,['TSLA']
4fb9e86a-0465-4dac-8109-12a0cae2deef,$sbux downgraded to neutral at deutsche bank. price target reduced to $64 from $70.,2020-11-06,-1,['SBUX']
30942a29-9afa-405c-8413-b52d5a4fc65d,"micron technology inc #nasdaq: $mu down 2.3% today and down 8.9% since being put on ""the short"" https://t.co/eqqltfuiou",2020-11-06,-1,['MU']
a552fc9f-5286-48df-858c-cac72213c036,$yhoo about to break out on the 5-min...,2020-11-06,1,['YHOO']
856f6632-23d3-407a-9be1-bd00a5d2202c,$gild 91 now support. $ibb $bib https://t.co/gioof6zbkv,2020-11-06,1,['IBB']
5624c732-9e83-4843-8895-e61b7dc314c0,$fb down 7.5% from this #bearish pattern.  considering the #bullish sentiment - that's an impressive bearish move https://t.co/tajf0ch2qh,2020-11-06,-1,['FB']
d98c4f3a-8008-4524-bafd-d26821a4309d,$save long. https://t.co/yejus9cmlc,2020-11-06,1,['SAVE']
82b4c6a0-1abf-4214-ad34-6926d2476e9c,@mugatushair now it is time to short $tsla,2020-11-06,-1,['TSLA']
cf5d4f5f-26ea-47e3-bf85-145a6548e129,$cost costco less than stellar day but it held the 50 day moving average,2020-11-06,-1,['COST']
db9ba064-5960-408c-aa9d-d24d07913c2d,"$agn and $pypl under pressure along with the market, however there were bullish options trades in both this morning https://t.co/9xg5w8nont",2020-11-06,0,['PYPL']
36fb1608-3ff7-41fb-a936-19143d2e0ad6,costco: a premier retail dividend play https://t.co/fa5cnh2t0t $cost,2020-11-06,1,['COST']
6063296d-762f-4027-afab-6dab4ef5a1c5,$intc finally some nice downside move... looking for the 31 handle to break,2020-11-06,-1,['INTC']
a57c47fb-bac7-404e-b370-5dfb19ed3a25,"$yhoo fishy action. new party interested (dailymail) bounce & retreats. not short by any means, but action questions big up move. thoughts?",2020-11-06,0,['YHOO']
2bd3d1de-8e84-4432-bf43-86dd275800cb,"sheryl sandberg sells 109,000 shares of facebook inc $fb stock https://t.co/3vxt7amnpk via @ratingsnetwork",2020-11-06,-1,['FB']
1535920c-3d1a-4e83-bfaa-a9c455467211,amazon has been selling surveillance cameras infected with malware $amzn #amazon  https://t.co/tohleq8fk6 https://t.co/5pr4cbtvvy,2020-11-06,-1,['AMZN']
813c5259-cd8c-40d7-82ff-9c095fa2077b,"$tsla 5th wave down on the 1 hour chart, hammer candle developing, close to 200 sma, might be a good spot for calls",2020-11-06,1,['TSLA']
4c36c01a-8dc5-4c5b-a65f-15d671de21f8,baird upgrades tesla motors $tsla to outperform https://t.co/1fa6atoqlw,2020-11-06,1,['TSLA']
ea56f687-cc41-4f10-81ae-22cd65d83755,$ilmn piper jeffries raises pt.  i remain long,2020-11-06,1,['ILMN']
6c120a27-69fb-43d9-bfaf-87ea35f7bf5c,"@hopeturock yes, the expectations of a deal are somewhat priced in but we could see a nice pop if bids come in higher than expected... $yhoo",2020-11-06,1,['YHOO']
c21af11d-2f74-4630-93a9-5aac230fb49d,i don't see it. 200 day sma is the big hurdle. there is a good base building. $nflx  https://t.co/imkygo2cyc,2020-11-06,1,['NFLX']
4bef350f-00b1-4565-8141-f8393c5a8182,daily mail parent company in talks with potential partners about joint bid for yahoo's internet assets: https://t.co/mk7memtadt $yhoo,2020-11-06,1,['YHOO']
ce6657ca-a9aa-4c4c-8743-eb1c4e53a6e2,expecting  $spy to close above 205.20 $aapl,2020-11-06,1,['SPY']
926b0feb-0ba4-4078-a5da-8c493f2e07b1,"$fb trending nicely, intraday.",2020-11-06,1,['FB']
3986bb50-100b-46f4-b9ae-a8238f45ace2,starbucks' digital strategy to drive significant growth with customer loyalty $sbux https://t.co/xk6lz3ui3k,2020-11-06,1,['SBUX']
3bbd6813-2caa-4bd9-98e6-d3c9e65d758b,"$qcom chart: qualcomm short 61.8% retracement, trendline and resistance. https://t.co/2wqqh35koy",2020-11-06,-1,['QCOM']
d3191fda-2a84-4408-9529-05d6b7fe4e16,"$intu is in the process of streamlining its structure, especially through divestment of non-core businesses   https://t.co/dr5banun2u",2020-11-06,1,['INTU']
bc7178c9-af86-4dc6-9a66-1671e2a35df2,"$tsla steaming up again, this stock is relentless at the moment",2020-11-06,1,['TSLA']
9a5313ec-afa3-4977-ad8e-6d3dc6fa0d48,.@barronsonline sees #apple at $150/share in a year (+36% from today) on growing services business. $aapl https://t.co/3bdnekn7l1,2020-11-06,1,['AAPL']
3be76385-86b1-49c3-a67f-5dd6401c36f8,adobe receives new rating from top analyst $adbe https://t.co/ljnxpevhzn,2020-11-06,1,['ADBE']
b4e14700-1486-4952-ac7d-d5255752b9c5,activision blizzard media networks announces record #esports viewership https://t.co/729biqlbtk $atvi partnered with $hdsi for 9 #tournament,2020-11-06,1,['HDSI']
7b01bc0c-f889-4d7b-b7f0-a008fc79e55a,"also, bmo had just initiated $incy with an outperform yesterday, while several other firms all reiterated buy ratings.",2020-11-06,1,['INCY']
77439580-eab5-4922-b88a-333d900fcb8f,@rec_zakaria monday bulls are out! stock ticker- michael james ent. other picks $sbux $gvp $nke,2020-11-06,1,['SBUX']
c0a0bf5d-98fa-4e07-82bc-3348cea8a47c,#tesla: model x recall adds to reliability issues $tsla https://t.co/jvxq4doxnp,2020-11-06,-1,['TSLA']
b527cd31-6f65-40fd-b562-3cf195253b1b,microsoft joins the open-source eclipse foundation https://t.co/z8g5czakeu focus on collaboration & open business is a smart strategy! $msft,2020-11-06,1,['MSFT']
163e7af1-0fb6-4bd7-9207-50345c61a5c9,"sudden optimism about iphone sales (i.e., not as bad as expected) gives apple $aapl a lift.  https://t.co/oktcw4yib5",2020-11-06,1,['AAPL']
c823614e-372c-492b-a660-d4ff2fda80fa,$nflx +1% $104.80 long streaming services rapidly outpacing traditional cable,2020-11-06,1,['NFLX']
4be69d26-ea2f-42b3-9d0f-ca5935e67ccb,infection worries prompt regulatory reviews of gilead leukaemia drug $gild https://t.co/h9vqxpz15g via @yahoofinance,2020-11-06,-1,['GILD']
9812370a-ef41-4bdd-a419-184c1e7261d9,preparing for a breakout trade in netflix $nflx  https://t.co/czhix3tuag $$ https://t.co/z1qb9xa4ld,2020-11-06,1,['NFLX']
06652770-c5ae-478d-b351-9723f066781d,"$ctrp just broke resistance, watching for a #redtogreen #breakout right out of the gate tomorrow morning. #stocks https://t.co/8vxfuuit04",2020-11-06,1,['CTRP']
2abcb319-1368-4b87-b4b5-b3dea9a195ca,deutsche bank cuts $sbux,2020-11-06,-1,['SBUX']
e769d741-25d1-43d2-8341-1da438d9fc8c,"fastenal misses by $0.01, misses on revenue $fast #nyse https://t.co/63jhq7pwmn",2020-11-06,-1,['FAST']
b363f822-a27d-41f7-b939-8aa61f3ff18e,$tsla recall,2020-11-06,-1,['TSLA']
529b3972-05b2-4f82-96a8-6938eacbfa42,piper upgrades symantec on improving renewal rates and enterprise growth $symc,2020-11-06,1,['SYMC']
12018ecd-05a2-411d-a042-0e0abe2d6d2b,#fusioniq new positive timing signal on $sbux today https://t.co/9imlxz4yna please retweet #signals,2020-11-06,1,['SBUX']
095f83cd-f1a2-4873-b932-a607fb8c024a,#longpos $tsla 256 break-out thru 50 & 200- dma (197-230) upper head res (274-279) short squeeze in progress nr term obj: 310 stop loss:239,2020-11-06,1,['TSLA']
6d66ea1a-dfdb-4cf3-9b2c-35a010a586d9,starbucks' digital strategy to drive significant growth with customer loyalty https://t.co/9q7ci79iyo $sbux,2020-11-06,1,['SBUX']
bddba6c8-e337-4f39-ae97-95b4579ce2ea,apple: another attempt to break out on apple but with weak pvt   $aapl #trading #investing #aapl https://t.co/dnh7hgv22v,2020-11-06,1,['AAPL']
be949dbc-cf89-4f9f-bca8-e6fa1922ce9a,$isrg break out confirmed. bought leaps. good trading!,2020-11-06,1,['ISRG']
f335cd37-87b1-4941-9263-8219aac83f79,"@sharkbiotech if anyone is selling/shorting $agn b/c you believe $endp rumors to be realistic, then i'll take the other side of that trade",2020-11-06,1,['ENDP']
b7799779-32f9-4116-afdd-840a6f11a883,$fb & $tsla cracking lower early. $short #correction #stocks,2020-11-06,-1,['TSLA']
175c1986-b674-4e00-a50e-f2d946fab83a,today i bought more $mu $yhoo $vale $nbl $twtr $axp $znga https://t.co/vt6t5zp2is,2020-11-06,1,['ZNGA']
5b9bbe5f-1122-4395-9242-b6eb8c9056a1,hard to find new buyers of $tsla at 250.  shorts continue to pile in.,2020-11-06,-1,['TSLA']
7bbe6104-6363-40b0-92ed-682b2bf5b057,"$amzn trades in mid to upper range. no break out yet, either direction",2020-11-06,0,['AMZN']
b1e7e4c3-555e-4fb0-9860-bb5f5ddb0cc6,$tsla announces a recall and the stock doesn't sell off. this stock is teflon. won't last forever.,2020-11-06,1,['TSLA']
8504ebb4-2728-4ab2-9ae6-4cc1eb3ff2d9,$nflx and $tsla making all kinds of gains 📈,2020-11-06,1,['TSLA']
ebca8f45-c8ff-4e63-baf4-b5fbfd981c76,"@traceyryniec not just energy, it's so broad. you will see it in wwg and kaman as well. i'd be short $fast",2020-11-06,-1,['FAST']
2f599889-b2ab-4d31-8cf6-7c0488e7c5e4,$aapl goldman sachs reiterates conviction buy on apple with a $155 pt $spy $djia $gs https://t.co/h5hmxsitwm,2020-11-06,1,['SPY']
8cce285d-ba61-44ce-875c-4a5fb0468f3d,tesla issues its first model x recall https://t.co/t1kmqvwhqq $tsla,2020-11-06,-1,['TSLA']
d936259d-e233-414e-8b32-b40b549b02ea,$endp being sued by ftc.....nobody will buy them with that hanging over their heads,2020-11-06,-1,['ENDP']
6d00571c-e487-49da-beec-0fa107c7c452,$tsla weakest in todays dt watchlist,2020-11-06,-1,['TSLA']
6d85263f-057e-4c43-9f9b-74d29bc53b01,"$tsla on fire, what is that 6 up days in a row. someone neeeeds!! in",2020-11-06,1,['TSLA']
836f513d-88c4-429a-b06f-916c6e36d969,$gild chart: with $ibb back over support. https://t.co/gprz2ujfc4,2020-11-06,1,['IBB']
14157875-5938-4cec-bbc2-95881e91b49e,"$kndi #china #electriccar maker. china car sales +7.8%. also, may feed off $tsla momentum run lately.",2020-11-06,1,['TSLA']
a3bb6754-9f07-4303-acc6-1a1c6a4b9f69,"took some $endp long this am, using vwap as guide",2020-11-06,1,['ENDP']
b4fd363f-57d1-4efc-8f24-95353ced7e2f,"maybe closing all those $aapl calls i had this morning was a bad idea, money left on the table...",2020-11-06,1,['AAPL']
c83316bb-45fb-43c8-9008-b8be27a9f4fb,$aapl weekly still under the 50 moving average and creating a lower high. https://t.co/vt7ppzy2uy,2020-11-06,-1,['AAPL']
45da5b9e-9d22-4ac9-b7f0-52d9b8614103,"intuitive surgical $isrg is in a great financial position, take a look https://t.co/vahhjacbfg https://t.co/24hqtqx4ou",2020-11-06,1,['ISRG']
ce8871b0-71c5-4043-8109-40cf3ca01826,$nflx i say it's time to short at this point.,2020-11-06,-1,['NFLX']
9800acfb-d3c7-44f5-aea7-6b6c22d5ab42,$tsla upgraded to buy @ argus w/ $333 pt - you'd almost think after ~100pt run in 5 weeks this would be the sell signal,2020-11-06,1,['TSLA']
3cc92e40-7676-4393-a4ae-e323f20c17b1,$fb slight green... may be runner later,2020-11-06,1,['FB']
835fa7b2-969e-42ab-8e2f-694f27e398a8,"$aapl stock climbs as barron's sees 40% upside, jim cramer's take  https://t.co/lkld9mvkbq",2020-11-06,1,['AAPL']
ed113bca-c209-4e95-8cb8-a3e6bdf520ec,"tesla to recall 2,700 model x suvs over seat issue https://t.co/odpran59xq $tsla https://t.co/xvn4bliwpy https://t.co/thfvwtnrps",2020-11-06,-1,['TSLA']
9903613c-86b2-4405-8e3b-71d4ab0d9537,juniper tumbles on q1 warning; cisco also lower $jnpr $csco https://t.co/bgvintk43h,2020-11-06,-1,['JNPR']
971c7065-7d33-484a-8edc-560ac869b168,"$atvi ooks pretty bullish for now. from a short-term perspective, it's got a good chance of maybe sliding back to 33.70 #stocks #investing",2020-11-06,1,['ATVI']
b3d657da-22b2-4c2d-90ab-746ef1de6f81,$ctrp  breaking out here on good vol and a parser buy signal  ..noticed this on bob langs comments looking for 48 fast,2020-11-06,1,['CTRP']
2a164ce9-498e-4edb-8a9b-500528bb0c67,"78 users on vetr are bearish on tesla motors, inc., indicating a sell rating (2 stars) for $tsla https://t.co/vvpzqcxsnj",2020-11-06,-1,['TSLA']
4f7fd39f-9a7d-4b0e-a0d6-b4b6f575f52b,4 beaten-down internet companies that may be ripe for a #takeover target: #twitter $twtr - #linkedin $lnkd - #yahoo! $yhoo - #groupon $grpn,2020-11-06,1,['YHOO']
c5f835eb-0f6f-410f-95f4-4bc9b4b08b9b,"$stx long play, another consistent profit zone.. check it out https://t.co/dqfuzozylh https://t.co/ggne4ayzqn",2020-11-06,1,['STX']
0e0c52c2-b259-4dba-974f-46d5bf840e66,"$fb trend, hits mid 110's and drops",2020-11-06,-1,['FB']
e9ad5cc2-ecd0-43ff-97a8-b7eda80268d6,$pcln trying to break daily trend line! big move could happen https://t.co/gy0adb2jsq https://t.co/kpbbcgq2xy,2020-11-06,1,['PCLN']
fc360a3f-49ba-44c2-a36c-b3115b44106d,$fb i've been dead on so far. such a bloated valuation. https://t.co/czcf8kbrlt,2020-11-06,-1,['FB']
f0487201-7822-4745-964f-d57a5171cfc0,$tsla recall model x https://t.co/b7izya4bue,2020-11-06,-1,['TSLA']
99d2f0be-8c0e-40bd-ae8d-9a5f0cfc8c12,"$tsla recalls 2,700 model x vehicles; shares volatile https://t.co/tckqznmiqx #tsla #tech #stockmarket https://t.co/femhjtamqj",2020-11-06,-1,['TSLA']
4ba6fe0f-502d-4604-b9ce-d8da6713c466,breaking: tesla recalls all model x cars  .. details on show now $tsla,2020-11-06,-1,['TSLA']
145e0667-c7d1-4e8a-a736-ea6f5b9fad85,"$qcom the indicator rsi is over 50, which stands at 56.1, an upward movement is expected. https://t.co/yfa9jcusqa",2020-11-06,1,['QCOM']
197fd715-0bc2-4d9c-9c25-97a5be96d6e5,supermarket stocks rally as tesco plans to axe non-core uk assets $tsco https://t.co/bmvhcrwrea,2020-11-06,1,['TSCO']
289dc5ae-57de-44a6-8375-5646eb2c8de1,$trip maintains neutral rating at jp morgan- pt cut $61 from $66,2020-11-06,0,['TRIP']
13866f54-083a-4e99-be2f-04ba61341008,why alphabet inc was just upgraded to buy https://t.co/devnlkhqtz $googl,2020-11-06,1,['GOOGL']
27cfa8ed-16ca-4ca4-8ae4-9da7e2101eed,@nasdboy i think the dnf crew can get this $nflx short into the next 30 days heading into earnings,2020-11-06,-1,['NFLX']
4d5ac5d2-3c87-4888-ba15-7342e9f02aee,added more $bbby @jimcramer is wrong about this one. still a very profitable merchant with profitable stores,2020-11-06,1,['BBBY']
c94636ce-d6a0-4db6-85d0-d627b304e3fc,added long at friday close  $spy $labu $blue $amzn,2020-11-06,1,['SPY']
63a7da3e-d2bc-45cc-8544-6d8acaa799b1,"isolationism? another sell rating, sell ratings on spy, qqq, iwm and several companies https://t.co/j35fnnx744 $aapl #apple $axp $bac",2020-11-06,-1,['BAC']
0dc1e4e9-6856-41fa-bd8f-79d64e194976,long $sdlp $cpgx $twtr $bita $labu $fb $tsla $ete $sdrl  autocharts @ https://t.co/nxlx1es7ny,2020-11-06,1,['TWTR']
0ad56825-92d1-4de4-b9cb-7a8913eb9ce2,costco: a premier retail dividend play https://t.co/j3uhts022m $cost,2020-11-06,1,['COST']
2cf2adc6-c150-4622-9518-d4da7c90fc27,pivotal research upgrading $googl to buy.  https://t.co/lsahepdqhd    #stocktrading,2020-11-06,1,['GOOGL']
e6ec1629-4cd0-494f-bf18-7348684e164f,most bullish stocks on twitter during this dip. $yhoo $gdx $googl $stz $gold $ew $vz $celg $sbux $scty more: https://t.co/iuzjelfwt3,2020-11-06,1,['YHOO']
3fd04aa1-2c71-41f4-b4a7-2d649e3708e5,$tsla <study the charts> pullback_time https://t.co/zmdg0fb3i7,2020-11-06,-1,['TSLA']
95cc4f7c-63cc-43a2-b914-c9d0038232e4,#tesla model s deliveries are up 35% in germany - record deliveries in march [chart] https://t.co/ycnclcbimv  $tsla,2020-11-06,1,['TSLA']
98145baa-7971-41b5-8c24-77bd65710396,"last month we added to our $gild position and started a new one in $bwld we see slow, steady, unspectacular growth going forward near term",2020-11-06,1,['GILD']
03bd5f27-cb57-4c6e-8d2f-827c4d193b3c,"$tsla lots of green on the 5 min, watch the hourly $259.33 possible resistance currently @ $257.00",2020-11-06,1,['TSLA']
11f74594-fa16-4f60-98ca-8671cb41d7a4,$amgn and #ucb announce positive top-line results from ph3 study evaluating romosozumab in men... https://t.co/4hboudr8b8 via @yahoofinance,2020-11-06,1,['AMGN']
b9d47ff3-7312-4fc3-ae11-c7d6b6c8e868,sold some $tsla puts this morning closed them at the close. helps pay for monthly expenses,2020-11-06,0,['TSLA']
4f240acd-9b62-417b-a2be-f87aba01c064,windows 10 is awful why did it force an upgrade on my pc without my consent? #windows #microsoft $msft,2020-11-06,-1,['MSFT']
f4296ebd-7745-4b86-9b13-bc576beb1490,$expe working on the second leg of its reversal run as it breaks another down trend and continues higher. https://t.co/76dsjysyr0,2020-11-06,1,['EXPE']
1c3c169b-64f1-430f-a751-eeb08555e621,"$endp exit reversal .11 x 3k shares = $330 - now long - not getting follow through, either side of price action",2020-11-06,1,['ENDP']
30aef975-54f2-4d64-8895-66472ce5c304,$ctrp not a bad long chart now that it's through sma100 resistance.,2020-11-06,1,['CTRP']
b842ab47-19b9-4ca8-aac3-5f5cfec98a3c,$endp was looking for a long entry but today's price action wasn't appealing,2020-11-06,0,['ENDP']
920e054e-5309-4ece-974d-12ce39aa1974,"$intc & $aapl strong, tech leads dow higher",2020-11-06,1,['INTC']
cf2662d5-6db1-4254-a1df-c7c79bab13b8,$ctrp breaking out https://t.co/z2je3rtkch,2020-11-06,1,['CTRP']
8f923846-7867-4db2-a358-83780646248e,$csx another strong rail today after breaking intraday resistance at 1$9.80 https://t.co/ea4fbvuqgp,2020-11-06,1,['CSX']
49fbd7a6-efe2-4211-8e48-56cf17472b46,loading $spy and $aapl puts. think were toppy imho.,2020-11-06,-1,['SPY']
1e9dd89d-e50c-46e1-ae97-856c9ca56a36,bot $amzn 600 weekly calls here @ 5.93,2020-11-06,1,['AMZN']
311af5d1-fa8c-4df6-8912-88261c8c435a,$fb watching for bounce tomorrow,2020-11-06,1,['FB']
a25ae45a-6c36-4c64-8c8e-9e75086161c9,#fintech provider $cafn cachet financial solutions surging forward today post earnings up +13.26% https://t.co/9bj3csk2i9 $jkhy $fisv #momo,2020-11-06,1,['CAFN']
b4235fb4-8e9e-4f0f-83e3-04efff68a1f5,"really surprised by how much $fb has now fallen. thought there'd be some support around the 50d, but i guess not.",2020-11-06,-1,['FB']
7a3f0d9c-53b3-47af-8743-27d9a97c97e5,$tsla bad day to short,2020-11-06,1,['TSLA']
c1c4da25-5202-4fca-8b59-8abe7a765d2a,"$tsla to recall 2,700 model x suvs for seat-belt fix",2020-11-06,-1,['TSLA']
9a463bff-7c1d-47e4-baab-b625835297f0,5 best analyst rated stocks in last 72hrs: $orcl $aapl $cbs $ino $cpxx view all ratings here: https://t.co/irid6zd5gc,2020-11-06,1,['ORCL']
f974280d-694a-4464-aef3-4bbacbfc7295,bought some more $celg as it is ready for a bounce.,2020-11-06,1,['CELG']
1d3e077b-8ce9-4ee9-a6bb-92b889f037df,analysts impressed with progress at tesla's flagship factory; co spent $1.6b on upgrades in '15 https://t.co/sabxcsn8cd by @tsrandall $tsla,2020-11-06,1,['TSLA']
431d4ccb-f75a-4377-8066-2f1f9cf5139a,"$celg back near 104, where it opened and rallied higher last wk. a good place to take a shot https://t.co/zwhthsvfsf",2020-11-06,1,['CELG']
c0ce0f6e-c9b6-4a4b-a771-72b08b6bf07f,$amzn new hod with conviction keeping $570 on watch for resistance.,2020-11-06,1,['AMZN']
423e8970-f549-441d-8139-4b1d6c3a2ff2,$fb  rejecting highs shortable...at 109,2020-11-06,-1,['FB']
5d0142e9-aa84-4285-827e-98965d4e7290,"$csx is up today to report.  wall street is expecting eps to be at $0.37, and revenues at $2,732b.",2020-11-06,1,['CSX']
c232610f-86e0-4f91-975f-1350d2252fe2,$fb turns back down in early trading.... https://t.co/reuf5pzhbm,2020-11-06,-1,['FB']
9a994eb8-15f5-4e8c-86c5-dca05f5b90b6,followed the levels i shared with you on $nflx $googl $tsla calls for nice gains. still holding $fb 110 calls. week made in a morning.,2020-11-06,1,['FB']
8989264b-7685-4f77-8522-7ac064fd8971,"$fast $gww - daily sales slowing again, pretty timely coincident indicator https://t.co/m6bkhbkzk5",2020-11-06,0,['GWW']
29506153-dea7-442f-9c08-61974703b2ac,"tesla motors recalls 2,700 model x suvs $tsla https://t.co/xdgraexkkz",2020-11-06,-1,['TSLA']
9e54f73e-6686-4077-bc67-587d61671203,"siriusxm added 465,000 net new subscribers in the first quarter of 2016 $siri #ceo #sales #marketresearch #tech #entrepreneur #speaker",2020-11-06,1,['SIRI']
0e51673a-3d8a-478d-93df-2117988a9805,5-star analyst @brianwieser from pivotal research upgraded rating on $googl to buy. brian has a 79% success rate https://t.co/t0dn02eoh5,2020-11-06,1,['GOOGL']
e04a4580-fa6d-4071-bc21-b8d0a1e01ffb,long $endp @ $26.23 on $agn b/o rumor,2020-11-06,1,['ENDP']
6708b66b-0af5-4927-a5d5-89350ef7fb69,"you know that back seat? don't sit in it. - $tsla -> tesla recalls 2,700 model x cars https://t.co/7j0gwz89zc",2020-11-06,-1,['TSLA']
bbafbdbd-502e-4ac6-9a11-c4c07376516c,this $bbby stock options trade would have more than doubled your money https://t.co/oa0loirijl via @thestreet,2020-11-06,1,['BBBY']
bb468b88-7ac5-4ca8-9324-f9c6ef6e9b10,x marks the recall: tesla recalls #modelx for faulty 3rd row seat. https://t.co/hsqdovry07 $tsla https://t.co/4cs3cnzebb,2020-11-06,-1,['TSLA']
bdfd3ede-9aac-4ba0-ac7e-a762e50a489b,$stx move off the bottom but still in bear market #datasecurity $emc $sndk $wdc https://t.co/vkydwpxesn,2020-11-06,-1,['WDC']
ec7131f2-6fa9-4e41-9ebf-f0456ebec3ff,$vrtx early technical buy signal... for confirmation > 86 it needs some fundam. incentive https://t.co/quysrqfo2x,2020-11-06,1,['VRTX']
de14ad30-f809-41bf-b51a-abdad46bf9f9,$fb (110.20) is starting to show some relative strength and signs of potential b/o on the daily.,2020-11-06,1,['FB']
1c4ff0f3-99f2-480a-b4e5-e9826fe6eeb0,"@cgrantwsj i think this $tsla bubble might go on for some time. so long as ppl love the cars, they might keep getting funding.",2020-11-06,1,['TSLA']
8a64087c-2be4-40b5-be11-61aab60dc2da,$sbux heading for the 200dma and certain doom if it can not hold there.,2020-11-06,-1,['SBUX']
663c6c9a-507c-40ad-98de-3a4248c667b4,$amzn long into earnings. looks good over 600,2020-11-06,1,['AMZN']
ac568ae2-bbfb-4ed4-a238-9b2d2e6de448,$googl is a short below 740 into the upper bb and is overbought,2020-11-06,-1,['GOOGL']
8df77fee-9c86-4a84-8ee1-d017e79fe34d,timberrrr $tsla https://t.co/mrbgfdhhva,2020-11-06,-1,['TSLA']
7d67adf1-2b65-4735-9762-aa081ca3b835,interest heats up for @yahoo $yhoo - the wall street journal  https://t.co/j5jvji9bia,2020-11-06,1,['YHOO']
2137935c-df85-496c-b9d7-ee58de319e25,"tesla recalling 2,700 model x units, related to faulty latch for third-row seats; fall to $252.50 level on recall, shares up 1%  $tsla",2020-11-06,-1,['TSLA']
c739a381-b5e8-43c5-ace8-b5497915fc15,commented on it's time to embrace dividend growth https://t.co/wc2qfp79tn $abbv $csco $wyn,2020-11-06,1,['WYN']
1a1639bb-ba3a-46b1-a9e2-bc7910c64092,word on the street is that allergen is looking at endo international after the failed pfizer merger. may-20 $35 calls active. $endp,2020-11-06,1,['ENDP']
11cffdc7-4a7e-4512-9fa2-c0574b08e76c,$sbux inverted head & shoulders pattern in the works. bullish.,2020-11-06,1,['SBUX']
1df82760-a208-4b01-8171-1bf622d330d1,i see a 20 percent upside in $fb shares from here,2020-11-06,1,['FB']
a7c48b2c-7553-4825-8d89-a6d48101ee33,long $aapl,2020-11-06,1,['AAPL']
07df6ef5-a7c1-4be0-be88-0aa46ffbdd85,$fb popping up to hod,2020-11-06,1,['FB']
3f1771a1-b8c6-43ac-97e4-8667c1d1ae9c,$tsla yeah lets go down to 230s lol,2020-11-06,-1,['TSLA']
ca69b20e-aaac-4cd7-9d53-d7939d76cfdf,#ndx component tesla has announced it is recalling 2700 model x suvs. $tsla,2020-11-06,-1,['TSLA']
bc24e862-c9f8-4758-89c8-56363e9165b9,$yhoo making new hod,2020-11-06,1,['YHOO']
05c4d204-45e7-459f-989c-0621ecac768f,"daily mail owner considering yahoo bid $yhoo ,up 2,05% https://t.co/extzr1riyp",2020-11-06,1,['YHOO']
48bff51a-4d40-4882-9c40-b0f1412fee4e,$pcln back to back intraday reversals look out below. shorts moving in!,2020-11-06,-1,['PCLN']
841e75b0-5548-4f27-9123-164e49e3c26e,$pypl great vol flow trade here.. love this company long time.,2020-11-06,1,['PYPL']
b25b379a-44d2-4251-8ae4-1483e8fe151f,$isrg pt raised to $700 from $640 at leerink - keeps outperform rated,2020-11-06,1,['ISRG']
08b6b30f-2c16-4968-80b7-7d018371e608,long $tsla short $mbly https://t.co/jspuszo6na,2020-11-06,1,['TSLA']
073ffca6-3b17-47d4-a70e-69fa939f0141,"$tsla recalls 2,700 model x cars. stock dropping hard...",2020-11-06,-1,['TSLA']
a3ef8266-3e07-425b-b632-a0245e5c1ffb,$aapl - has broken its downtrend - but 200dma proving to be stiff resistance short term. https://t.co/vlzlgvihzv,2020-11-06,1,['AAPL']
4ef40bc2-2699-44c0-8acd-fa5352d1b847,"potential defect with third-row seat belts. tesla motors recalls 2,700 model x suvs $tsla https://t.co/yvydncdndi",2020-11-06,-1,['TSLA']
a4665744-f832-4f0f-b0fa-6d9270094b3f,netflix grows efforts to create loyal customers $nflx https://t.co/5qxbkobphe,2020-11-06,1,['NFLX']
bc59ce3e-00c3-4260-bb1d-ba475e473d34,"tesla motors recalls 2,700 model x suvs $tsla https://t.co/f55dx4aegi",2020-11-06,-1,['TSLA']
61ba90dc-9357-4cac-8026-41c79c8f0def,$fb $aapl $nke $jwn bearish charts keep getting worse.,2020-11-06,-1,['NKE']
9c6a07f8-881c-43c7-b28b-9b007f90e9f4,"apple expected to launch new iphone, ipad today $aapl https://t.co/xfnicwebeg",2020-11-06,1,['AAPL']
7605fd43-15c9-4e31-8d92-24baf1b8d2be,$tsla stock gaining steam... plus other notable moves from this week: https://t.co/hz0wdp5za1,2020-11-06,1,['TSLA']
346933c2-b6e7-4114-b3ed-e32ab8e2b2b2,$gild  is expanding its research facilities...keeping up with the pace of innovation  https://t.co/uoe7fj4lop,2020-11-06,1,['GILD']
51226c3b-ae0c-4cb6-a8f7-b377801de4d5,"$endp - we saw a large order in this one last week, someone also accumulating may & jun 35's calls today",2020-11-06,1,['ENDP']
9e331b52-4af8-444f-a531-24dfae69487d,tripadvisor jumps on m&a rumors https://t.co/o4lwcdxmbr $trip,2020-11-06,1,['TRIP']
68c67544-ab50-4e65-b6cd-f82fa860f8e1,seat belt recall? who cares....  i'm a buyer $tsla,2020-11-06,1,['TSLA']
67332d91-25f8-47cf-ac6c-ad4767ab6f85,$fb gettin in the buy zone soon ;),2020-11-06,1,['FB']
0f7dc28b-5ce1-43c5-83d4-b6d6d9171e13,starbucks downgraded on same day as new downgraded rewards program starts  $sbux,2020-11-06,-1,['SBUX']
e7bb7d78-3dca-47dd-9124-7c2b81cb60bf,"$adbe technical alerts: expansion breakout, gilligan's island sell setup, volume surge, and new 52... https://t.co/lxx66tknfh",2020-11-06,1,['ADBE']
6a3fa070-c3cf-4ef9-8208-25716b01cddc,"$aapl a new long if 110.61 is broken. targets are 112.19, 119.86 & 123.82. bears must retake 102.77. $qqq $nq_f $ndx https://t.co/6l3m1wxchw",2020-11-06,1,['QQQ']
35964d9c-d4a6-41d3-ab96-a5dafd917d0f,thank you $goog (google alphabet) and $fb (facebook) stocks! what a nice reversal.,2020-11-06,1,['GOOG']
5cb81da7-635d-4ba1-8243-66042c073ceb,"tesla motors recalls 2,700 model x suvs https://t.co/bfws3dbm0u $tsla",2020-11-06,-1,['TSLA']
41d67adc-ea77-4f5a-a60e-cc69f49a443b,"$aapl bounces off support, it seems",2020-11-06,1,['AAPL']
01796047-d9dd-4733-a4f8-7df6ba71dc01,deutsche bank downgrades starbucks because of new loyalty program https://t.co/iy4lcugabc $sbux,2020-11-06,-1,['SBUX']
a29768d2-4986-468d-ba7a-d2aa0d58c0f0,$googl gets an upgrade price target $970,2020-11-06,1,['GOOGL']
00386b68-32dc-4709-be23-e4f0227eb2a4,netapp downgraded by macquarie to underperform. $22.00 pt. https://t.co/xcngws0t4q $ntap #ntap via @ratingsnetwork,2020-11-06,-1,['NTAP']
08185431-0148-4d7d-a821-42b1819b429e,"tesla is recalling 2,700 model x cars: https://t.co/8z7bkvstl9 $tsla",2020-11-06,-1,['TSLA']
0faaa2ae-7731-4f02-85a1-ce6c7623f3b6,$fb small long 109.25 via calls,2020-11-06,1,['FB']
59daa398-f2c9-4fc0-8cc9-26055dafbc82,commodity channel index indicator signaled a oversold for $fb #stockmarket https://t.co/vm32d3m9xi https://t.co/cvkojk05xn,2020-11-06,1,['FB']
568f8441-36ef-46e7-8e5b-631cbb7434df,"isolationism? another sell rating, sell ratings on spy, qqq, iwm and several companies https://t.co/6nkwecrba5 $aapl $axp $bac $blue $fxe",2020-11-06,-1,['FXE']
a6e3d399-6a2c-49b2-9e55-f269b7da7a04,alert: new rsi signal created on $cost - buy at 148.78 - time: 14:19 - strength: 10. powered by https://t.co/mhobzu3rmx,2020-11-06,1,['COST']
5cb1c0c6-e1a5-40f3-9569-3e652b5d5d39,$sap q1 disappoints as #software licenses down. real problem? #cloud growth trails $msft $orcl $goog $crm $adbe https://t.co/jndphllzq5,2020-11-06,-1,['SAP']
19809267-cd00-4270-886f-bd4f923b785e,$fb gone green on day,2020-11-06,1,['FB']
854a6a98-7902-45cc-af32-629d7195f069,"$amzn rejected that 604 to the penny. weak open and it goes r/g within first 30 mins, could have 8-10 points in it. https://t.co/58teaexxpe",2020-11-06,-1,['AMZN']
56114341-3a09-4fc0-8ffd-5f503d67c6c0,$googl is setting up above its 50-day moving average. https://t.co/ttm9rnfoxj,2020-11-06,1,['GOOGL']
baadae14-77aa-4aea-b74b-818a35908b1d,$fb still a dog going much lower this week,2020-11-06,-1,['FB']
d173d073-2f73-47f5-ae2b-ce6301fd9cb5,academics claim google android two-factor authentication is breakable. #security #authentication #hacking $goog https://t.co/njx4mnrglo,2020-11-06,-1,['GOOG']
6f9f042e-c362-41a0-985f-09e8b0815b34,alert: new macd signal created on $ctxs - buy at 77.09 - time: 18:23 - strength: 10. powered by https://t.co/4tdgjedllz,2020-11-06,1,['CTXS']
2e87e577-54de-4866-bd67-12a8a20a9f12,$bac $adsk $nflx long this morning,2020-11-06,1,['NFLX']
c054b52a-b836-43b5-ac0e-17b57668cddf,locked in some $fb puts for nice gain,2020-11-06,-1,['FB']
3a32f4bc-3665-4922-8df3-bba09c4322f4,3rd red day in a row ? $tsla,2020-11-06,-1,['TSLA']
10f4d59e-2350-4cbc-b884-420d072cf071,just went long $ilmn,2020-11-06,1,['ILMN']
1791d47f-60a3-4bad-ae7f-a91e00c84f7b,#apple up almost 20% from its february lows with very little fanfare. $aapl,2020-11-06,1,['AAPL']
8650041d-f0fa-4168-841a-859309b238f2,$dish weakness continues again. 49.43 area resistance after last week,2020-11-06,-1,['DISH']
157a7460-4a48-4723-a1f2-f2d800096785,$aapl iphone shipments on track to exceed forecasts - marketwatch https://t.co/2cxahjix7d,2020-11-06,1,['AAPL']
d596efe2-cbca-4a03-ad49-ab7145b8269b,$cost short finally making gains. i will take half my gains at 147,2020-11-06,-1,['COST']
2d71bac2-4f64-4ed8-8e37-7dec194a6fe4,why $twtr is doomed in 1 chart $fb $goog  https://t.co/mpylireqjh https://t.co/nlczawdohp,2020-11-06,0,['GOOG']
05fae525-f073-4037-8014-26494a5f7b17,apple inc.: the rip-roaring rally is just beginning! (aapl) | investorplace $aapl https://t.co/jrcfc8xly9,2020-11-06,1,['AAPL']
0a413327-c9d4-40f2-98ed-cea8751ab061,"upside moves in the volatile #mining sector, sending anglo american plc $aal up 6.8% as of 4:30 pm, london time",2020-11-06,1,['AAL']
1e2aef68-6f51-4fc2-ba6a-4b66eb9ace6d,"tesla: voluntary recall of 2,700 model x vehicles, due to back seat issue. $tsla https://t.co/npakc3u6gs",2020-11-06,-1,['TSLA']
c858318c-93da-4d92-94a9-39c5384a4cff,@scottrade why is $tsla not available for shorting at this time?  same for $w?,2020-11-06,-1,['W']
6eda4f8a-87d6-4a30-a065-1fed2e719c81,deutsche bank downgraded starbucks co. $sbux https://t.co/qqlevvwpmv https://t.co/f2pdqjutha,2020-11-06,-1,['SBUX']
c7044948-2272-455e-9891-89a4c9907689,coke dividend - 3%. google dividend - 0%. for passive income coke takes it. $goog $ko https://t.co/qbsowjxost,2020-11-06,0,['GOOG']
3a4ccfd3-9f35-412b-9ebd-88c892086927,juniper tumbles on q1 warning; cisco also lower https://t.co/n8x8bplj1e $jnpr $csco,2020-11-06,-1,['JNPR']
c8b4ede6-3905-4297-a48b-34d9f879713e,looking for a strong bounce $spy -- lunchtime rally coming. $dia $iwm $qqq $aa $fb,2020-11-06,1,['SPY']
0d7f0565-9423-458a-8bba-65e8f920fe0b,"dji overbought: $aapl, $axp, $ba, $cvx, $ibm, $intc, $vz https://t.co/wmy1pnomjf",2020-11-06,-1,['VZ']
aa99dbdf-a017-4d2a-9d82-e8004a71dc9f,"baird likes $tsla - upgrades to outperform, lifts price target to $300. research firm also sees no capital raise necessary in next few qtrs",2020-11-06,1,['TSLA']
2ff5d47d-0119-4606-b640-b4086b84f5a6,$tsla x recall not a big deal... the problem is now they will have an excuse to guide way way lower...,2020-11-06,0,['TSLA']
83b2b96b-704d-4cbc-99d2-ee7a89c0913f,$tsla not dipping - testing the 200 day ma https://t.co/jeplmzqkgw,2020-11-06,1,['TSLA']
e60fd189-0190-485d-8bf5-c6da526795ec,"on #fedday looking for a sharp move up in equities $aapl $hd $low $fb seeing $uvxy $tvix getting hammered, even though market is down.",2020-11-06,1,['LOW']
74b77832-ac63-4534-b55e-716e1fd31f70,$jd down 20% in after-hour market. anyone care to explain why?,2020-11-06,-1,['JD']
1c8c69fd-941f-46fa-9ba2-86edf609c287,look at that $amzn > 600,2020-11-06,1,['AMZN']
8d643895-0396-4ae1-ac59-7ee3a059b273,yahoo stock is up to $36.46 as the bidding war picks up for the company https://t.co/jdnzxdcmkl $yhoo https://t.co/hmoegfhgvn,2020-11-06,1,['YHOO']
9bbfecf9-1ddb-407c-a913-6fa522cf2ad0,starbucks shares down as much as ~4.2% $sbux https://t.co/jlgrprr54k,2020-11-06,-1,['SBUX']
bd9466bd-1486-4aa0-9a03-dcdb28ac9cda,$aapl beat the estimates. will still go down on lack of new products. https://t.co/sx3z7u6n8o,2020-11-06,-1,['AAPL']
9878fdfa-821e-4bfa-899d-95e58b5a9ea2,long $aapl 107 calls @ .40,2020-11-06,1,['AAPL']
5acec48a-feef-456b-9aa5-0cf8114af407,"facebook, near a buy point last week, faces a different technical test today https://t.co/c72llmpinm $fb $aapl $nflx https://t.co/fpfbytypuy",2020-11-06,0,['NFLX']
91599db0-2e49-4e2b-8f78-52fc7a8f9a19,"$sbux down pm, from $db downgrade.. pt cut from 70 to $64",2020-11-06,-1,['SBUX']
64eea1ea-f812-4f6f-8428-cbf426723d97,$ebay  e-bay bay!  working on a couple daily dojis .. should continue to the downside  https://t.co/lgu0ybxeze,2020-11-06,-1,['EBAY']
0d88b08a-44af-497e-b880-2d431addecec,breaking 52 week highs timing looks great now $ahs $baby $post $ige $irdm $ewbc $phys $ulta $vnet $biv https://t.co/11k8jzuzmu,2020-11-06,1,['VNET']
c7a9e752-b642-4431-8b2f-27784425ded7,$tsla recalling pretty much every single model x @cnnbrk got to short that even at work you jump in money trade,2020-11-06,-1,['TSLA']
933f66a2-3f0e-4f93-acc2-7007ac202c3e,$aapl high of day just hit. back at it tomorrow.,2020-11-06,1,['AAPL']
4c96c5bd-91e1-4c18-aaad-2825ddb48f76,ouch looks like $tsla shorts getting skinned again,2020-11-06,1,['TSLA']
67d1ae8c-75ab-476b-a600-a7116325a66e,"qualcomm: 10% dividend increase rewards patient investors, the future looks bright https://t.co/tjjvpqhhqd $qcom",2020-11-06,1,['QCOM']
3a86ceb4-d6c3-4f45-8137-5d0e1356face,facebook $fb received a buy rating from wells fargo 5-star analyst peter stabler (wells fargo) https://t.co/jnb4c9vdcu,2020-11-06,1,['FB']
8b636179-40fe-4404-aedc-2a4daf4fc02d,$tsla wish had my puts back but see if we can find support around 243.39 and pop up so that i can get back in. https://t.co/hfklq3wobv,2020-11-06,-1,['TSLA']
a993b399-b0da-49dd-b95c-72706524a3ce,citrix systems inc $ctxs position increased by mizuho… https://t.co/v7lkq08flp @sharestocknews,2020-11-06,1,['CTXS']
4ee6aeac-29ee-4b3f-a44c-7d7cf9c2e4d1,"notable gainers among liquid option names this morning include $stx (+7.0%), $nem (+4.6%), $wdc (+4.2%), $x (+4.1%), and $gme (+3.4%),",2020-11-06,1,['X']
15e14df2-1d7e-4504-b06b-847c36d964c2,is #facebook's user engagement falling? https://t.co/tqmmt7n16x $fb https://t.co/sedqrwgdkt,2020-11-06,-1,['FB']
