id,body,created_at,sentiment
1ece5973-ebfb-40e9-9f79-3363dfaf9513,Slowly adding some $FIO here but gotta be careful. This will be one of biggest winners in 2012,2021-01-03,1
4f42c224-dbff-4699-9539-8a8c77a0884e,$TRX http://stks.co/1KkK Long setup. MACD cross.,2021-01-03,1
6f5aabe0-3504-4a3e-9766-b9ed90568cf7,I am not optimistic about $amzn both fundementals and charts look like poopoo this quarter.,2021-01-03,-1
18feee6e-c8b8-45f8-a23c-a7337df6ff93,$GRPN might be selling off ahead of $P earnings...,2021-01-03,-1
ed7e44dc-0e24-4c94-9e8b-73bfda8c005e,$IACI http://stks.co/tJU Looks good on the weekly chart.,2021-01-03,1
4efeb6f5-f72e-4e6e-995d-63fa6ca6c651,"$pcln back over ""up"" trendline from 10/4",2021-01-03,1
211c0fc1-2733-4904-b7dd-05ec99a6a5d4,RT @robbieLOLZ $NFLX A close above here is looking good for the bulls. Will hold my positions to see where we close at. Keep buying here.,2021-01-03,1
3d9343ba-1e92-42d2-85e7-b1e07334bafb,Profit taking on $AAPL this morning?  That has to be the pressure on the stock.  I'm still bullish on $AAPL.,2021-01-03,1
157acb09-b75c-4e0b-aefc-bab62b996a86,$SKX turning. Coming from far could go far. Stock price implies you pay nothing for the business,2021-01-03,1
04b16d0b-9d69-4727-a585-04be0f1d6912,$MOS looking good here at $58.65. Calls are active in this month and weekly,2021-01-03,1
2387cced-a42f-4c9a-ab64-180870f9d96e,"Sold out $TZA 45 $PUT (down $1), which were hedging my 45 $CALL. Letting the calls ride solo now.",2021-01-03,1
9e42d185-9c7b-4a5c-93bc-94f00e9cac7f,$YMI http://stks.co/Xyf Long setup. Closed above the 20MA. MACD cross. November catalyst.,2021-01-03,1
2656177b-87e3-4e1a-83cc-4437378157f7,$TZOO a close above 28.64 and we are ready to rock and roll,2021-01-03,1
aa4be24f-fa1c-4843-8b53-72b697ab0019,"I'm liking the price action in $SWKS, currently @21.80 ; my target: 24.00+ before year end.",2021-01-03,1
c7fca08a-13a9-4237-8bc9-56008447e74a,$WFT closng higher from here,2021-01-03,1
2ccf2990-76b7-49aa-8ed7-80f04b804afb,$SPPI..building RS. Sweet. I want this to break a new 52week. The earnings growth justifies way higher,2021-01-03,1
36ac81ac-a696-4259-a5ec-198919b563e2,$SPY bull move ended waiting for next setup,2021-01-03,-1
00c48135-d7d4-4a86-a061-6bc53ad9415b,Double bottom with handle buy point of 29.51 $IP http://chart.ly/akvujxh,2021-01-03,1
0246d98f-728f-4f29-9762-21d2436d75fe,"$GLD http://stks.co/jr8 Daily chart - though RSI and Stoch. point at a possible move up, there's a lot of resistance.",2021-01-03,1
8a4642be-a031-453d-8345-c3a5896b6f11,$ACOM http://stks.co/1G6x Downside breakout looks to be coming soon.,2021-01-03,-1
55dff90b-a6be-4469-a805-aa656705e711,$ZAGG getting ready...Target $15 plus on a close over $13.50 on better than avg daily Volume http://chart.ly/lha44tn,2021-01-03,1
fbc7f94e-f2a4-42d0-a63a-489e38f84d10,volatility squeeze in $AAPL. I hope it gets resolved to the upside,2021-01-03,0
0e477576-2c96-46c9-b90a-73428f02662f,"Still short $LNG from $11.70 area...next stop could be down through $9.00. Someone slammed it hard with 230,000 shs this am! More to follow",2021-01-03,-1
99b3245d-e773-4b0e-8958-e020a5281677,Covered my small $MWW short @ 7.99 for a .16 loss. Flat on the day. All cash now.,2021-01-03,1
b10eabb4-57ba-4e7c-9644-6ef8e817f1dc,That bearish outside day Tuesday is significant. 200 day resistance still intact. just my opinion $SDS http://chart.ly/2bey48t,2021-01-03,-1
94ec4086-5067-4b6c-aa53-3f3a8b9b45e2,"RT FITZSTOCK2004: $IYT http://stks.co/1NBF the Transports always lead  the way, and  they broke DT  line  1st, MACD cross,  bull  flag=",2021-01-03,1
e5822bb7-fe2f-402d-8412-714eb41eaa62,$DUG weekly stochastics finally starting to turn up after long consolidation. Buying here.,2021-01-03,1
54920e0f-e5ea-4974-9fb1-312d82425a09,$SPY Don't hang your bull hat yet. Next week we will pop higher on QE3 hope on back of fed's 2 day meeting.,2021-01-03,1
95b9e4ed-e32e-4b5d-a154-60fc6d7d3589,longed $AMZN 300 @ 189.82,2021-01-03,1
104f55cd-c41a-4f2f-9037-496b922a0813,"$SLW is down, but weekly $34 calls (-28.95%), .23 x .25 have 321 volume. Worth a chance here, jmho: http://stks.co/1Qfg",2021-01-03,1
23e9de42-ff3d-46a2-9791-234b0e99f0fe,"$HSC Receives 7-Year, $50M Contract at New Saudi Arabian Steel Mill",2021-01-03,1
66d61baa-c03c-49e4-9a96-c69fe7fa451f,"Reuters: Green Mountain revenue misses, shares plunge http://stks.co/13mW > $GMCR prints 43.80, market in a foul mood, bad day to disappoint",2021-01-03,-1
33e3df56-70c6-4e5f-9b87-406842780f6d,"$XLF http://stks.co/1KJ9 Bounced off target buy area, bought $skf as a hedge. watch 50ma's slope",2021-01-03,-1
f3601080-46f2-438d-83c7-bcfed5795ca5,$vxx adding to position here !,2021-01-03,1
c6b16fb7-02f1-415b-9d44-ef98d63ebfd0,$GPS Gap September Comparable Store Sales -4%,2021-01-03,-1
662f3905-0c93-445f-be0b-2ece74e4f112,Double bottom with handle buy point of 56.49 $WMT http://chart.ly/ml857v3,2021-01-03,1
062f3c29-7f26-410d-81ce-d3ffb21c4c94,$MA http://stks.co/1CYN continues to consolidate / base here,2021-01-03,1
edf1a38b-17d1-427d-8861-f014e06cc689,Nasdaq Sets Up for Breakout Part II | via @AllStarCharts http://stks.co/15Nv  $GOOG $AMZN $QCOM,2021-01-03,1
4cd4ee7c-946f-4c0d-aae4-343190d161ff,$isrg trading at all-time high after strong earnings report with 4 days of short interest.,2021-01-03,1
d35a96e7-887c-4ac9-af90-5b00e9bda81b,$UTSI http://stks.co/15uR Long setup. Reported very good earnings.,2021-01-03,1
12d1a85e-20a9-4e96-92c1-b08e1231003c,Here come the shorts marchin' in.  $GMCR.  Lovin' it!,2021-01-03,-1
de7fea98-4d87-4a50-bb8e-035ac0947051,$aapl news is becoming very bullish again http://stks.co/tMU,2021-01-03,1
366eeeef-6699-4899-a74c-2abf5d13e155,stole my tweet. really wouldn't be surprised if we took out 423 and pinned around it RT @totalguru We could possibly even see425 today $AAPL,2021-01-03,1
80e40180-0d21-4c1f-8989-ed2a29b6f86f,"$DPZ broke out now of his bull flag channel and make new highs, but volume is very poor",2021-01-03,1
0fedeb03-eb5f-4227-b8f6-b66e19f5c341,$ES_F. Nice little cup-and-handle shaping up on the 15-minute. End-of-day $SPY $SPX favours a good day for the index. Will we see a gap open,2021-01-03,1
ecab1d96-fcf7-4320-bb38-430312926986,Short more $FAZ for all who don't know that means markets will tank now :-p,2021-01-03,-1
7c038666-e28f-4782-a547-f4d1ce4c2d03,RT @alphatrends VMarkets Are Still Acting Weak http://stks.co/1agn  $SPY $QQQ $XLF $SMH $IWM,2021-01-03,-1
ec6ea237-ed83-49d1-b68b-31b20d07a221,"FBR Capital reiterated ""Outperform"" rating on $BRCM with a price target of $45.00 on Friday.",2021-01-03,1
686533eb-5ae2-4487-b452-dc42e5b96f0f,$ELN longs...congrats...another HOD,2021-01-03,1
dd04c59b-dc4d-4d7c-b92f-1bb81585d7f8,"Casinos red before the bell: $LVS -0.75%, $WYNN -0.47%, $WYNN -0.47% > unusual comibinations of what's running, what's red before the bell",2021-01-03,-1
fad8c201-4f94-483a-90d4-9edda587c974,$TSPT  long 8.00,2021-01-03,1
92220ea0-e8c4-45d3-bde2-ef0183cdcd99,$SKH http://stks.co/163e Long setup. Watch for continuation and volume expansion here. Hot sector.,2021-01-03,1
f9b1ce27-8303-4117-9b27-931fb2476fd0,Looks like its booking a one way ticket to its 40 week MA near 50. Losing 10 week here $LULU http://chart.ly/7xb9h9b,2021-01-03,0
f53c20e7-806b-4275-931a-0745a89c06c1,"RT @joemccann the correleation between the dollar index and $SPY is simply amazing. $DX finds support, $SPY retreats like clockwork",2021-01-03,-1
60a1683d-5579-4e0b-af97-6ecfeffd94b0,$FIO won't stay down,2021-01-03,1
f5e64d80-389c-4f53-b775-25d6b06bbfee,$AAPL http://stks.co/1LDx Clearing this descending trend line / buy area now,2021-01-03,1
d9d838e6-4107-4a2c-bd92-0c6bc3f4b097,$ROST Nov 90 calls 2.08 .. Go Long until exp imo ! Unless europeans keeps F'ing around !,2021-01-03,1
d2e41414-87c8-436a-9c49-6d3acd620a80,i-Grid shows $DIA capped for the long term at range of 123.40- 124.77;any rally beyond today's levels or into this range leads to meltdown.,2021-01-03,-1
1e34bde5-95f4-46bb-bea7-58907cbf4978,"Whats up with $LULU?  Numbers looked good, not great, but good.  I think conference call will instill confidence.",2021-01-03,0
d8112335-230a-4290-8c85-450547a7ac05,"$ZSL looking very weak, could be a good short setup.",2021-01-03,-1
fb8f4fe4-cf4e-4f76-a0ab-0c95ca1a038c,"@Dlerch LOL! $FMCN back under $17, darn those shorts! No chit Sherlock!",2021-01-03,-1
77815503-4e62-488c-a0cd-a2949b96d070,$mcp rolling over for a new intraday low. Bottom Pickers continue to get destroyed,2021-01-03,-1
8af71348-eb9f-4be6-a31e-8b271a179d7e,"ACE Limited, which has a 17 year dividend growth streak, plans a 33% dividend hike: http://stks.co/1BUE $ACE",2021-01-03,1
c67ef92c-d2bb-4f2e-b59c-e653e44ffb20,"$AAPL 50DMA turned up, MACD crossover a half-a-hair away on the weekly. EOD break out likely.",2021-01-03,1
8dd1616f-f21d-45c8-bf81-2e8262ff1072,$CIEN http://stks.co/dZU CIEN seems to have broken out of a major horizontal resistance. Targets $14.35.,2021-01-03,1
cac6fe12-4691-4551-a208-26cac8e9cde5,like $T for a breakout long as well. getting through the 100 and 200 MA could see it run.,2021-01-03,1
1ee520f3-63ab-4896-bfe1-56170a176806,My $DWA play up 6% today. I'm still skeptical. Will take profits. Not a time cheer,2021-01-03,0
d25db0ff-df8e-42e3-8e89-3840418ac1db,$IBM staying strong,2021-01-03,1
846af420-7cbe-47f3-a37b-78e44c1a7acb,"$SINA even though the ""report"" is untrue and has been proven unture, the damage is done. No one wants to touch it now",2021-01-03,-1
e13090b0-00b4-4d16-a4e3-b990fab0af2d,"$amzn 4 period RSI is down at 20, just read Connors book on trading strategies",2021-01-03,1
ca219d19-97bc-47bf-81ce-beb21a40de8b,$SIGA Bid for Reargument Denied by Judge,2021-01-03,-1
59309f59-544f-42c3-bbcb-8e21500da160,"RT @andrewnyquist Chartology: Yahoo: http://stks.co/1itr $YHOO  Crazy looking chart, but nearing breakout resistance line...",2021-01-03,1
6cb5809a-ae97-49f8-bbf6-2a1bbf6745be,$CERN - consolidating above 50 & 200 MA - nice long entry here w stop below 10 MA - targeting $70 area,2021-01-03,1
17a307e3-11dd-4dd5-9eab-d5fc88e82d45,$SPY http://stks.co/1MiR We're holding above Wednesday and Thursday closes. I'm leaning bullish. Small postions. Waiting.,2021-01-03,1
94fa6897-eddb-4995-af62-30a5da337607,$RDC Rowan Expands Share Repurchase Program to $150 million,2021-01-03,1
dd092c93-a8ca-47c3-950e-d5c24273f4e5,$NVDA sideways,2021-01-03,0
fa7e662b-4e1a-4f5e-8b0c-4fdbd743668a,$HITK  Resuming advance into new historical highs.,2021-01-03,1
1ea8db3e-7b41-460d-8140-191985a4d049,Held its recent double bottom buy point of 56.57 almost to the penny today $WMT http://chart.ly/6nosp5q,2021-01-03,1
19f33662-34b7-4f7d-a458-0b002a699eda,$GOOG breakout very likely medium target $700+ http://stks.co/1Lpz http://chart.ly/lgb94rr,2021-01-03,1
6a9dfc93-2244-470a-825f-9ef2b04b6154,RT @Street_Insider The Steve Jobs Effect? Apple $AAPL First Day iPhone 4S Sales Were Off the Charts http://stks.co/YYe,2021-01-03,1
fc58309e-9ae0-4d57-bc5d-aa33a8371d0a,"that was quick, out $FIO 21.35, market tanking, scaling down longs now",2021-01-03,-1
e6f29f6c-4d2a-4131-981b-7bcbcf8843bb,$SPY extreme win today - 2 cents above 2009  low on 10-year and $SPY up 2 percent - life is a bowl of cherries - great short setting up $$,2021-01-03,-1
7ba20dd0-c75a-4d12-8839-6813e008ee55,$LNT Increases Annual Dividend Target to $1.80/Share from $1.70/Share,2021-01-03,1
016e61de-c5aa-4e30-b8bf-2871438547d0,"RT @Cash_Cow $TLT still has a rising RSI & MACD, all this bond buying is signaling some bad moves for the market. $SPY $UUP",2021-01-03,-1
ffa97007-a46f-4451-b791-00aa7f731909,$IDCC - $89 share total value of company after crunching #'s. The 4g technology is their diamond in the rough.,2021-01-03,1
5ac56b0e-557f-4a35-9e4e-7c4b7a40c9eb,$mako hanging in well today. still in a basing pattern. have eyes on it,2021-01-03,1
0d7e2835-8992-48e2-9135-888b4a857328,"RT @stockdemons think shorting here into close might be play, $SPY - high beta reversing..looks worth a shot",2021-01-03,-1
4c6130f2-8565-465e-93b0-bf7079203aa1,$TZA is a rocket ship!!!,2021-01-03,1
0e4fb47c-f6f0-4070-b7f6-0570b950a477,"Lots of metal stocks look like a 5-10% run awaits. Long $SSRI,$PAAS and $NEM but most high quality names should go if metal prices cooperate",2021-01-03,1
7ccb37d2-df39-48d5-97bc-318fade61dc0,$vxx starting to creep up while $spy sits near hod ...,2021-01-03,1
b0c3402d-b5a1-415d-802f-b65c6a791fff,$AAPL I'm sure those short are holding their breath hoping for a miracle. lol,2021-01-03,1
583c56f4-18ad-4ba5-8cbd-cd591c07a713,VIVUS $VVUS bear raid in effect. Stock down 12%,2021-01-03,-1
9580f928-fe8a-4573-b147-7995147c4078,looks like a big feb 18-22 $put spread on $cree.  Last quarter 0% YoY rev growth trading @ 24x earnings.  I may try a short.,2021-01-03,-1
06c62cd2-be5f-4152-ae3d-98247ae37086,$YELP wayyy overvalued right now IMO. Should be trading single digits. May take a short pos. into earnings. Near term target 18 ......,2021-01-03,-1
5ab28993-68f2-408e-ba46-fe3aaf8f0456,$renn topping tail 5 min. chart at 7.31 short from here.,2021-01-03,-1
d3cc8548-9390-4612-bbb3-0fe47111c9ae,$SPY weak close,2021-01-03,-1
a82acae9-1273-440e-941e-ff6c620365d7,$ZNGA http://stks.co/3rdu Looking for a test at 9.25 resistance point. cc @ cfrazierjr @FletchTrade #traders,2021-01-03,1
353bf362-3a8d-40d8-bf36-6d657d3097cd,$EFUT hod  posted buy pm at $4.40,2021-01-03,1
66f03afa-f37d-420f-942c-6514b81ef71a,$AAPL short some 592.49,2021-01-03,-1
9eeed77d-3af2-4082-abda-adfd37d5b842,"@SOULLOR the regular scrappy Q $SWY usually presents. Sales weak, margins down, debt still way up.",2021-01-03,-1
5032cbdf-b552-442d-8ab0-3ee964849cc7,"$AAPL Taking out the shorts here, a punishing reminder not to spear the  strongest in the herd.",2021-01-03,1
101322ee-52be-4dac-a48e-cc8e0c9b8d71,Think $FMS will challendge 200-EMA in not distant future.   Look at yesterday's volume,2021-01-03,1
2f0e8db5-68e1-4276-ba63-b5bf71c4f2aa,"RT @Dasan @TMTanalyst ...since $AAPL mastered their supply chain // in cornering NAND, Apple mastered EVERYONE'S supply chain!",2021-01-03,1
b82f3503-2ad0-4bf6-93aa-566d78661eba,$PRLB hanging tough in down market due to analyst upgrades last week. Up almost 3%.,2021-01-03,1
011a9abe-3f42-42dd-a6f4-e77f0f89f599,$AMRN It's accumulating. I think buy now or hold your peace. This should go up today/tomorrow.,2021-01-03,1
24c73fed-7805-4bbb-9f95-be16b21b9a78,$AXP Looking for continuation with volume increase http://stks.co/c8sR,2021-01-03,1
ab8bc1d3-626a-4627-99fa-3c066e225459,MT @TheAcsMan Amazing seeing everyone suddenly touting $MSFT. Long been favorite covered call & double dip dividend play.,2021-01-03,1
f5bfc1e1-45e1-4e37-aaa6-77eb580fc785,Surprising to see $JWN and $SKS sales numbers still holding up so well. I guess the high end might not be a concern after all.,2021-01-03,1
0a4d7ad2-f45a-422e-a0fa-fdcb0c34ddc9,"AP: Caterpillar posts 60 percent jump in 4Q profit on steep global sales increase, tops Wall St. view > $CAT",2021-01-03,1
cce89fbe-d0d6-496d-bbf3-347f464518a0,$SPY Long 1/2 position 137.89,2021-01-03,1
dd9ff252-8225-4bdb-8ed0-579878f9dcff,$AAPL price momentum weakening going into the close.,2021-01-03,-1
559682a9-41ff-42f7-9727-0cbe74e2ad45,RT @ACInvestorBlog $AAPL still on track for $500,2021-01-03,1
b8a0d1c2-e0a1-438c-bef5-3ee15488fa8f,$SPY $MITK fast 56pc dive http://stks.co/3ffN $$,2021-01-03,-1
9e0cbf87-e999-418c-b585-ff409a9615df,$BAC in for swing trade  looks like want go up,2021-01-03,1
77804c8b-19b7-43b5-b4c7-0a473fb2975a,$PCLN runs into the 50sma on the acquisition news,2021-01-03,1
70a71aaf-d726-441d-a894-82ac16d79159,$aapl short term fund/redemption liquidations.. Should have the channel cleared soon and on solid footing. $520 is new floor come July! :),2021-01-03,-1
76508eed-07a5-4915-a218-7c22cf8cdc50,$WYNN big bounce,2021-01-03,1
012ecdcb-4e67-4757-b36b-ebc9014d0088,$GLD http://stks.co/44ow On closer inspection.  Resistance 10 points north at 200d and downward trendline. Chart 2 of 2.,2021-01-03,-1
b24aa226-ee7c-4008-9105-3be08b2ce98e,$AAPL wants lower. up waves getting smaller on the 2 min,2021-01-03,-1
083f82d3-e736-411a-8fff-2a547b7063bc,Short interest increases yet again http://stks.co/e19h via @ryandetrick $SPY,2021-01-03,-1
6b3112ea-edea-4588-87c0-01fcc66fcd93,"$QCOR a little pullback is fine but if this erases all of todays gains, I cannot believe the manipulation its capable of",2021-01-03,-1
951e4016-e97f-4763-947c-d8229ef9e013,$WMT BULLISH with MACD CROSSOVER with RSI and STO going up - above 73.4$ MA50 res. could run http://stks.co/gGCq,2021-01-03,1
9b2c377e-b1a4-4fbf-af45-0d4cafa1bf0e,Rival companies $GWR and WATCO eyeing $RA w take-over interest.  http://stks.co/o0xY,2021-01-03,1
4251afc9-f913-4fd8-9d7e-e4406fa24172,$AAPL 620 resistance area,2021-01-03,0
ffe54466-a02a-464a-bd62-a83814fa4af8,what is up with $HK..... from Jan to now it's been a sinking ship...,2021-01-03,-1
a84af68a-2551-4853-9681-38ce1d5ef683,"$WGO's BoD was right to reject the offer. That company is low because of the economy, not because of any type of mismanagement or anything.",2021-01-03,0
77cf8360-d508-45ce-a910-33749d27416b,I'm no professional ANAL-yst but I DO put my $ where my mouth is. $AAPL will do $575 b4 yr.endâ€”That's another hun from here.Long LEAPS =^.^=,2021-01-03,1
3612587c-41f1-44e8-8df4-9a0a440dc863,"$AAPL bounce right now has no vol, more vol when it slid",2021-01-03,1
5a08ffee-9dd3-46a8-a67b-380b83ffdb41,"$LULU http://stks.co/o17i Bounced off support early in week - now indicators turning up (RSI, MACD, SMI) Worth a look",2021-01-03,1
947d301a-c4e9-4097-98f9-88031bea1208,$NIHD insiders got this one wrong. Looking for bottom. Rsi under 30,2021-01-03,-1
b4009e99-74c3-49bc-8510-bc356b8dcf9b,$AAPL long 630.91,2021-01-03,1
e88db033-7c6d-42fe-ad56-c638f2b6a90b,"It's a bad idea to make 5 min predictions based on faith: RT @dandyduct $AAPL Sell signal hit at 584, it will go down for the next 5 min",2021-01-03,-1
cafee0c8-8b81-43eb-bdaa-5e3ec5cb0a0c,$KCG bot at 2.24,2021-01-03,1
16ed2857-84b8-4bf2-8f70-06a5f9c09d37,$HZNP havent seen vol like this since the runup. lets see one more dip to 2.0x,2021-01-03,-1
a37a4435-4c02-49c4-910c-c2d91e2170e7,pretty steady accumulation off support today.  Purdy. $AGU,2021-01-03,1
757c907c-c4c1-42a6-97c6-fcce4df8e503,Out of shorts $ALTR at 38.85 with loss,2021-01-03,1
6447791d-6038-4261-9b75-7ef4e30e0000,"$GMCR with the way this has been acting, it may fall to 65 today, horrible action since it hit 70 yesterday",2021-01-03,-1
2e656c57-36f2-4f0a-a70d-289a28c9a092,$EBAY had a nice breakout of the recent consolidation. Congrats to those who had it. http://stks.co/2TAd,2021-01-03,1
f5c7f76a-6dc9-49bf-b4ce-813c0192f3a4,"$SDS +1.46% 15.32, picking up some speed. May 16 calls now +35% .19: http://stks.co/3eiK, Next week $16 calls .11c: http://stks.co/3eiL",2021-01-03,1
6d44396b-8131-41c0-9407-0f27d4db390a,"$AAPL AAPL: Gundlach Slams iPad mini, Sees Downside to $425. http://stks.co/bDqV",2021-01-03,-1
8284d09b-9866-4b10-b750-cadd04a89ad2,$AAPL AUG 645 calls +550% .67c: http://stks.co/i9T3,2021-01-03,1
54c75f2d-584a-4108-9d96-630edfd5c2bd,"Went long on this $COG, will see 70's again me thinks",2021-01-03,1
60051726-a3c7-4554-9789-a600ba0d21f4,$AAPL nibbling on a small long via 525.. buying off 13min charts..,2021-01-03,1
4c33aa5b-63b5-4cbd-aa93-347484eea1fd,Added. Cost now at 1.54. Bounce off of Put OI & S1 pivot. @moteltan BTO $AAPL Apr 27 2012 605.0 Calls @ 1.66 for ride to 609 ish.,2021-01-03,1
4970f408-3fbf-410a-b7d8-62b176a8bc42,"$WAC trade continuing very nicely from yesterday, almost up $3 from yesterday entry, deal pricing tonight looking very strong here... $SPY",2021-01-03,1
4ce28c7b-87c2-4406-969b-6f7eb02d63ab,Equity indexes working on a positive engulfing for March. $SML $RUT $IWC $SMH $SOX  Small-caps / semis with a fakeout before the b/out.,2021-01-03,1
dc4225d4-6166-4b1e-ac23-bd274b73666d,$BONE Earnings Stocks Poised to Pop http://stks.co/2zWE,2021-01-03,1
d94f7902-ee03-4f48-8af6-0f9f97b85f47,$SONC Amazing run since middle of March - obvious that the quality/tastiness of their burgers is not being factored into this price advance,2021-01-03,1
5ad39f30-3c67-473d-b8e9-1cd70094bccb,$LEE http://stks.co/24kM LEE ready to exit bankruptcy. Strong volume today.,2021-01-03,1
b38889a3-442f-4636-a6cd-10473d53fbf3,$RCON some upside today. This thing is severe low float. If there is catalyst for this guy. It can run.,2021-01-03,1
a6d918a5-6067-48d4-aa7b-ee02dc6b6028,$KITD Looking for a oversold bounce.,2021-01-03,1
af672ed5-b9a3-4d18-b823-2fba4ed46f88,$PPG Descending triangle but I am liking it for an upside break http://stks.co/o9nY,2021-01-03,1
868a00bc-db9b-4576-becf-67ec84adb36f,$NSM ascending base breakout starting to gain traction; strong stock http://stks.co/gBSH,2021-01-03,1
5dc0367b-b949-4bf7-a2c8-a6876cea06fe,$aapl.  Test the high today and probably go beyond after hours...,2021-01-03,1
4daaa0d1-a3c9-4030-bd5a-851416aa150c,Long $PCLN,2021-01-03,1
e4875717-a809-4121-8309-07b069d46cd6,"$HLF shorts made a killing last couple days, might make more if cover and buy back?",2021-01-03,-1
286d7115-670b-4914-b34d-d8ca70453ac6,Multi Top on $MCD chart finally leads to a fall in price.  Stability is questioned in the stock but coming weeks will tell.,2021-01-03,-1
3c9a19a3-c8eb-4f8f-b6db-61fcf92417f5,$MFLX up  pre mkt. Looks like GAP has been filled....lookin 4 short opt here,2021-01-03,-1
7a5d8f5c-3fc3-4a22-a86c-9f460e5ebb8c,RT @jan $ARNA Don't think buyout rumor strong enough too be driving this up just yet...when it is this may fly like aapl...// fly how high?,2021-01-03,0
d70db8b2-cb8d-446b-aedf-0312d7d3a7b7,$AAPL Right back in ... - Buy the dips brought to you by CNBC. LOL,2021-01-03,1
55d0d7e9-67bc-45ff-b034-489ca7f3f9a1,$DMND green and moving,2021-01-03,1
4413a00c-c981-4914-a4ef-3b47b22ccf47,$MTD (Mettler-Toledo) ready for a breakout,2021-01-03,1
b79ac50b-1dce-4e0c-886e-f973c81242d4,$ACAD under $2 today?,2021-01-03,-1
7357370d-4994-4041-9499-4b600a7a526e,$amzn breaking,2021-01-03,1
0ae28bad-d406-422b-974c-83b90605d34d,$EA points to the two Facebook games and accuses $ZNGA of copyright infringement. http://stks.co/g3A1,2021-01-03,-1
f46e61e3-f5b5-4081-8945-8f10a20663aa,"$KGC http://stks.co/3Qta Oversold, falling wedge and positive divergence place it on the launch pad; looking for a bounce.",2021-01-03,1
fbf75821-43bb-491e-aa6e-67998479bfc7,RT @bman1 $LNG looks primed also $EGHT poised to run too...,2021-01-03,1
e6e3c842-92c7-4731-949f-189f10715442,$AAPL broke descending channel....will it hold?,2021-01-03,0
75fab42f-0ce9-4eef-bd5f-44d8e26c92d1,$JNK http://stks.co/2Fcm Does not want to go down... risk appetite still high,2021-01-03,1
561d1e3d-9f8e-4fd9-9fef-29a8d3576d03,"PNC, Goldman Sachs Receive Dividend Hike Green Light (But Don't Act): http://stks.co/2pa7 $PNC $GS",2021-01-03,1
06a814b0-07e3-42f5-b75d-e407a5e973e4,$AMD big dumping... would not touch it for a while,2021-01-03,-1
07b9720d-25aa-48b2-bbc7-b601e627a86e,$GNRC finding support at its 10-day line so far.,2021-01-03,1
0d2a1b97-a4dd-4942-8c26-5e2c2cf0b031,"Loaded up on $bsx yesterday,looking good now. Still think way more upside than downside.",2021-01-03,1
35174121-b0bd-42de-8ef8-fdb1cb646f46,"$QCOR Just added 3,000 shares @28.",2021-01-03,1
a56c9f5c-5f4e-4a68-830a-dec14641b6a3,"RT @StockTwits RT @fallondpicks Breadth Consolidates: After weeks of steady gains,advances in mkt breadth slowe... http://stks.co/2TrG $QQQ",2021-01-03,-1
b948ed03-07bf-4789-b5ad-ee6e72f4eac5,$AAPL rejected the hod...should head lower. Sitting on the sidelines for now.,2021-01-03,-1
b87605b4-c07c-47c4-8efa-f42a3fcf2519,"Google, Inc. completes acquisition of ICOA, Inc. http://stks.co/nFEI $ICOA $GOOG",2021-01-03,1
3879ea21-b60a-41f7-8d5f-251d54483754,Amazon declares 'best ever' Black Friday and Cyber Monday for Kindle family http://stks.co/cEtw via Engadget $AMZN,2021-01-03,1
cd13a6f2-05b3-4eb1-aec8-c7b72b9857b4,Long $VVUS shares as a call option w/ an expiration of..  umm.. TODAY.    Hitting HOD here.,2021-01-03,1
faa8ad99-5be3-4f53-b915-2378454979bd,$ISR- @IsoRay Up 6% and high on volume http://stks.co/iFpo #biotech,2021-01-03,1
73137f5f-5226-4742-8b17-b109c4b9357a,$FB Nice buyable intraday dip right here,2021-01-03,1
e43d71aa-c385-4760-8f13-a0ee8bb3fa50,$LSCC Accumulation chart continues to make new highs showing accumulation continuing to take place http://stks.co/aDpO,2021-01-03,1
695c157d-f653-4f94-a676-83aeb36e9db4,$SAVE breaking it's downtrend line on increasing volume. A move above 20.57 could see more upside. http://stks.co/l8y4,2021-01-03,1
887b1cea-1e3a-4d96-beab-be9d76c7dd85,$GOOG resistance turned support?  It,2021-01-03,1
ddc832a0-7836-4f59-bf17-373cbc356b90,$CRM Sep 40 calls are +35% since entry #BANG http://stks.co/deDm,2021-01-03,1
220f2559-4b6d-456b-a047-77df0c8d3cf0,Current holdings via options - Long: $AAPL $V $GS $AET & Short: $VXX,2021-01-03,1
bdf3a939-13dd-4026-9d84-15769212318c,$AAPL I am big OUT from this. seems its falling towards 530.. :(,2021-01-03,-1
2074d82f-c4e2-4169-ac86-336e6df2fe5b,$PKT Momentum building for breakout trigger ! Long setup http://stks.co/eXVU,2021-01-03,1
36e531d5-4224-451b-a770-463a4edc81e9,$NFLX VISION : short term consolidation then movement higher http://stks.co/j05uu,2021-01-03,1
eba29c9c-5332-40f9-9b3e-024757700762,$UUP at major resistance right now. Can go much higher if it can break above. May take several attempts - few days to a week,2021-01-03,1
ec842954-0b90-4fe2-addc-06f15a5086d4,$spy $vxx $aapl the parties over loaded on $uvxy volatility is back,2021-01-03,-1
f64b5681-a177-492f-b304-a34331511abf,$brcm raises revenue forecast,2021-01-03,1
97f0a075-8e5b-4e20-9975-329a16835756,$BBRY bye bye Sammy. Hello BB. Sounds like we'll see some green tomorrow.,2021-01-03,1
3c609286-9e33-4594-8eb4-b3e443b7891e,$ASTX Daily technical indicators are bullish. Breakout watch over 4.58  http://stks.co/eOvw,2021-01-03,1
2bfc7b2e-a5d8-4fdd-abfd-e2085a7c3c04,$EDU bouncing nicely after add-on (posted),2021-01-03,1
5a2ac873-f8fa-43a5-a6ee-15767fe1c330,$YHOO A breakout above $29.83 would constitute a technical entry for the short term trader. http://stks.co/jkUF,2021-01-03,1
9fd22210-926e-41e4-9341-fe0fb6fd858d,BULLISH Engulfing of COCA COLA: http://stks.co/fYCo $KO,2021-01-03,1
6d08c139-4012-4448-b225-df9d67655e0c,$IWM buy programs popping $iwm for close print cheap money means higher stock prices $spy robot buying,2021-01-03,1
bf8cd38b-5c8a-45a1-8008-6f515dd0879f,"$JE LOOKS like we are bouncing.  Would be nice to finish over $6 today, and make the hammer.  Nice volume from 5.77 bottom.  Fingers crossed",2021-01-03,1
c81439f3-dd78-46a3-b113-618a4aa8bc29,$XLB the weakest sector this year and possible false breakout  http://stks.co/dL1Z,2021-01-03,-1
55281e23-16e5-4f08-b325-14a804d2b438,"$TYC just about to break out to new highs, lots of technicals looking great right now.",2021-01-03,1
c64ea8a7-bac4-4e96-93e9-a26375a63a0e,"$AAPL at pivot area on intraday chart- break here could send this to 50-day SMA, 457.80 http://stks.co/jPbN",2021-01-03,1
70021d90-cad9-460f-ad7e-d1513a0de0fb,"$BRK.B $SPY  All time high tomorrow? 150k on the A shares, Dec 13, 2007.",2021-01-03,1
00b0f526-ccb2-43ab-9fb2-a9ea348f6d0f,$SPY wouldn't be surprised to see a green close,2021-01-03,1
8495f718-1f91-4880-a287-dbbb1053c72b,@Vegastrader66 Looks like good entry for $QIHU here.,2021-01-03,1
34fcfa0c-62cb-45f4-baab-3ff68f05bb80,$INO back in this am small post,2021-01-03,1
2267a5e2-7429-4ba2-bbbb-5e1d016a7878,"@harmongreg: $BBRY wkly, Inverse Head and Shoulders forming, triggers over 18.50, PO at least 30.80, watching http://stks.co/iPVJ",2021-01-03,1
51a1cdfe-908e-41eb-848a-5f288659ffd6,$LINE biggies must be loading up here at lows..,2021-01-03,1
b72043ce-9dfa-4239-9d95-940d704f00f8,$GS is looking weak while this market is moving higher not a good sign. Unless $gs can get above 157. early short below 154.00 today.,2021-01-03,-1
66cad630-5988-4b07-804a-b1681132d02c,Key level to watch in $FB for today is 25.53-- watching to see if it can hold as support http://stks.co/bOH4,2021-01-03,0
dec9b669-3f16-4558-8da6-04e13a33c27e,"$YNDX and the price of some stocks was 2 times lower then annual earnings, I could not resist, I  was buying when everyone was selling",2021-01-03,1
f2309d84-fd51-43d2-92e6-91168f5bd2cc,"Red Daily Triangle on $SHOR,...Scaling Up on Long Position http://stks.co/r82S",2021-01-03,1
846dfd32-5c70-4da4-82fe-a42867a9742d,@Megaas2000 $AAPL McDonalds had a big GROWING success for years with the same BigMac and Apple update and improbe Iphone and Ipad,2021-01-03,1
ef479dd5-ad77-4d13-9341-682cfd47ab0a,EA Launches Origin Online Game Distribution for Mac http://stks.co/aKTU via MacRumors $EA,2021-01-03,1
74b7537c-3343-4042-aac2-cc0a2279fbfb,$ETN UPGRADE today by MS to overweight.  Excellent company and leadership,2021-01-03,1
37160690-eeec-4693-8641-11feb34b35c3,"$AAPL double bottom could be in, keep in mind",2021-01-03,1
9ee12f1e-207e-4afb-927f-12a521aac9ed,@Joerazorback This time I think $AAPL will miss again. Generally speaking market is near top when everyone thinks that market goes only up,2021-01-03,-1
d8520bb9-2448-4126-a5aa-5c119dbbeae0,"$amrn Full bull call spread ranging July to Jan 15. Lets see what this baby does,",2021-01-03,1
2fc351aa-fa96-44ef-8cd4-26dd86fbb35a,$FB Dax says bye bye 2013 - finished a great yr w 28% plus!,2021-01-03,1
cb985b33-e9ea-4a2c-aa32-597d88764691,@CH_Roark: $UNXL I like this Ascending Triangle on the 30-minute chart. Breakout coming Monday! http://stks.co/aT3GLooks promising.,2021-01-03,1
ffd7b7b4-7019-4fde-ba44-f274c429bf4d,"@StockTwits: @Kbkiwi: $TSLA Tesla Model S sales exceed target, profitability guidance amended upward: http://stks.co/jQ0w""""",2021-01-03,1
7b96616d-4269-46aa-affc-4ce79c8421f9,"Long Position on $GOL,...Updating http://stks.co/fdmm",2021-01-03,1
06058d7b-ad1c-4f9d-8893-c403521556a0,$SMH got a sell signal on 6/4 and needs to take out 39.28 to go higher otherwise headed lower than 37.60 gap below at 35.38,2021-01-03,-1
e896a6f9-0c3c-4c64-89e3-f70e9cd35bc4,$OSUR up 33% since 6/25 buy signal. resistance 5.33 - expect 1. pullback 2nd half of day or 2. break abov 5.33 & continue rally for 4-5 days,2021-01-03,1
9a08ddaf-b934-4ec9-aaab-3a4353b35689,$SPY Could the pride of social media be gettin ready to fall?  $FB - chart rolling over?,2021-01-03,-1
dab5106e-3da0-4615-bb7b-667a6055e235,$NFLX +3% of the lows,2021-01-03,1
22c8831b-5666-4763-a2c7-d4239187af3a,$SBUX getting sold here.,2021-01-03,-1
a0541734-4ae1-4c05-a196-cc2da9aba804,$PG Ackman making the big added efficiency argument. betting on operational imporvement in a huge conglomerate can go either way imo.,2021-01-03,1
e8950ea9-ee2c-4401-b572-4de5575a10d2,$RIMM $spx $nya $compq $djia all going down,2021-01-03,-1
f8ad1686-4255-466b-8b14-62a9a5957334,"@IfHeDiesHeDies: @Bullhorn334: $ZNGA shorts are getting nervous""""",2021-01-03,1
a6a04047-2bb0-448c-bcc5-c48aae1b1d1f,$ocn has the stuff. Will be looking to add shares if we get a new high breakout.,2021-01-03,1
b40ff738-216e-4385-b110-bf2d8212acab,$BBRY hearing rumours of a major joint venture announcement.,2021-01-03,1
bc7dc985-d4f0-4248-ad57-5184445c91af,$AAPL Good time to buy. Will the run come before earnings or after?,2021-01-03,1
1ec00349-9c06-40a6-abe0-560b8b38a07c,"$QIHU totally missed this one, was about to jump in on that 60 break test but didn't, congrats shorts",2021-01-03,-1
3334074b-9c66-4665-ad5d-d28707f2ca9f,$UVXY Put the chum out there at key support then next level down - careful,2021-01-03,-1
a34455f6-91d3-47ac-bfd9-78e6b5c59935,Entering long Lockheed Martin $LMT at Thursday's open. http://stks.co/eXtA,2021-01-03,1
cf5cfb8c-6d95-46a8-9125-6c56b968b0bd,@catskillfishing  Note the monthly chart of $GDX & how it recaptured support. $GLD possible double bottom set up. http://stks.co/aw6z,2021-01-03,1
f4fcd677-ff2d-4bcb-a5b4-c21d6827c54a,"Key price to watch in $NFLX, off the previous double top reject, 218.23 http://stks.co/sIYn",2021-01-03,-1
433af257-ef05-47fd-9cd9-0835fa81e447,$SPY Tomorrow party time for the Bears!! $GOOG and $MSFT -5.5%,2021-01-03,-1
0646130f-aa21-411e-a2e2-50dc674e82a8,"$SLV -4.44% at 18 now AWFUL, down from 42.50",2021-01-03,-1
da9761eb-b84e-4079-af48-a03fb842b852,$SPY c'mon bulls buy DIPS!,2021-01-03,1
62ea84cb-3141-41ef-af46-83620f276661,@gakrum nice chart shows distinctive down channel not a dip.. where do you see the bottom? $SPY ..$150? ..$130?,2021-01-03,-1
acecd5fa-d2b0-43e7-8bbe-f39ea9fd30fc,$DXCM - Making higher highs & higher lows as it consolidates over past several weeks. 26.70 was all time high (2006).,2021-01-03,1
3aab2b4b-ff2c-46e9-b2e3-acaf6a69bc71,"#Apple breaks major support, here are some levels to watch - http://stks.co/jRmW $AAPL $QQQ",2021-01-03,-1
ba54ae33-9565-41d7-b9cb-c5648c93830d,$CRUS Upgraded to a buy by Alpha Street Research,2021-01-03,1
fccca697-171e-4f88-bd00-8e5941b50bb5,"$NFLX small pos, short 180 wkly puts.",2021-01-03,-1
7eeddd64-4c20-4ca5-bb2f-ef6c0230349c,$TSLA I see more downside in next two weeks be careful -20 dollars drop potential vs +10 up moved,2021-01-03,-1
ee20359f-1daf-4bcd-9ab5-e8b5db46726c,$FB Big Money Is Pouring Into Facebook From All Directions;http://stks.co/sOwG,2021-01-03,1
dc5f362b-5edc-4c43-b702-2756e526308d,$LULU #Outlook #Q1 2013 #lost revenue in the range of $12 million to $17 million -not good,2021-01-03,-1
b2a07515-2a02-41bc-8773-2913359bc9e7,@Dojiknows th SP and the potential of QNX BES10 and BBM  cross platform will bring good news in time $bbry,2021-01-03,1
6db2f9f5-f92f-44f9-a57f-db6e0327cd7c,$NUGT longer term bullish,2021-01-03,1
5bd4dd02-b391-4daf-a1af-418e7350b30e,"2nd raise this year.  ""@BVHealthcare: $QCOR Questcor Increases Quarterly Cash Dividend 20 Percent.. http://stks.co/goan""",2021-01-03,1
8f2e80f7-453f-4130-8910-6c5f7152254c,$PAY 2nd time test of the 21.20-30 b/o zone.  Still not breaking out.  Moved my stop up to 20.80.,2021-01-03,0
c1ec4475-1eda-49de-ab3e-e903129da6c0,$SPY  still wants higher I think.,2021-01-03,1
8f1b33b8-0a18-40df-b594-98e48623c38f,$BBRY lets see 14+ today,2021-01-03,1
9afb0113-7832-4fc4-8862-3c3001e9bcab,$DCTH Near HOD,2021-01-03,1
37756437-1f92-476e-b979-f487d9a3400e,$MSFT SQL Server revenue grew double-digit with SQL Server Premium revenue growing over 30% http://stks.co/ir2F,2021-01-03,1
76cd3650-c6e2-4caa-892b-9022e6e8ac0a,$GTE LONG at 7.44,2021-01-03,1
04e0eef7-c9c8-4d5a-866b-29a9abf825a8,$DARA breaking out,2021-01-03,1
5a8c9347-532c-4559-b250-712ba37a327c,$TSLA gyrating @ S1 above gap. keeping an eye on S2 http://stks.co/jQfB,2021-01-03,1
063056e2-17ec-4bff-b281-82395eee3255,"$CNP Sell Short Position on CNP,...Closed for Profit $ 59,367.00 (7.75%) http://stks.co/ghjc",2021-01-03,1
4be8f2eb-0d70-49b8-bc7b-7a0320d77a67,$BBRY Actually lost .03c per share if U incl VZ as no debt and 3.1 in Cash.,2021-01-03,-1
a1be6dfe-c01b-4221-a811-8f75d14ea498,$BBRY nice bounce,2021-01-03,1
bd2daf02-c3be-4c1a-8ba5-6d56abf89d79,"$DNN picked some up, like this going into 2014",2021-01-03,1
2dcfadf8-b11d-4363-a6c6-30a9c267d684,$NUGT Gold above 1400...wow,2021-01-03,1
d8dd380a-d74e-4b7f-9645-33a889abb421,$BBRY Ready for Take OFF!,2021-01-03,1
bdf0146d-f9ba-4a59-ab50-fef478222246,$VOLC THIS STOCK HAS A VERY VERY VERY VERY VERY HIGH PROBABILITY OF RALLYING TOMORROW AND/OR EARLY NEXT WEEK,2021-01-03,1
36ea6dd1-2396-43b0-9519-f9e74d9f133f,"$YOKU high volume blast off Friday, goes higher  http://stks.co/qSaL",2021-01-03,1
3272c0a3-b35a-460e-9570-318e29d16d7c,$aapl key is to breakout above 460 on solid volume or else it's a no trade for now,2021-01-03,1
a0b825d8-d2da-4d9c-b6e4-3f9db8b054fb,$spy bumping its head on declining daily 8ma as overhead resistance. Then the big brother 50ma just above that.,2021-01-03,-1
d909f676-6be3-4d51-972d-747c8797af11,"Long Position on $IP,....Scaling UP http://stks.co/sIln",2021-01-03,1
126f3abe-bb7c-4462-8cec-9416a8fd185c,$FB churning in high volume @ IPO price. Lot's of sellers trying to get out. Might take a while here to consolidate before moving higher.,2021-01-03,-1
f6b00457-3c94-4a33-9d28-64bc9be31528,The Boeing Company (NYSE:BA) Bearish Trader bets $550K that Stock Will Sell Off 9.79% by July Expiry $BA http://stks.co/tCSE,2021-01-03,-1
5197a982-de85-43ae-8216-63140405bffc,"$TXRH reports Q1 EPS of $0.37 versus the estimated $0.35, beating by $0.02. EPS were Up 19% from the same quarter last year.",2021-01-03,1
8bba66e8-b9a7-4bc4-8439-7a1665996628,"$AAPL is now beaten down, hated, etc. / hhhmm opposite of 700> what happens next?",2021-01-03,-1
d5ff5db9-39be-4b1b-a99d-4d9da654db2e,@asdfLLC. Nice pop today. Told ya we would be green haha. Funny you bring that up. I'm actually working on a story about $NOK at the moment,2021-01-03,1
047c9be9-21fc-484c-b342-19a8eeedbd52,$AMCN pushing highs,2021-01-03,1
8f32f624-7e1f-4e23-b826-e12b18f0211c,@pierrules: $SIRI LONG!!,2021-01-03,1
e36334df-4ee8-4ac3-9d9d-a8869d0a3622,$FB SHIFTING ON THE 15 MINUTE HERE - SUSPECT TO TAKE HIGHS,2021-01-03,1
aab01da1-da9a-4ace-892e-f2f8071bb24c,$AMRN You can many times find top and bottoms when shorts start rejoicing or bulls start rejoicing. Currently it is the shorts rejoicing,2021-01-03,-1
2e24d6b3-6db2-4933-bbaf-00396f6f4970,"$CNDO 21% short float, shorts likely to take profits into close",2021-01-03,-1
002fa50d-7277-4c5e-8a91-ffa2ba3a2a9a,$RNN staying above the open a very good sign!!!,2021-01-03,1
4b07351d-8118-4f6f-83ae-a38d0b0ef9ac,Watch these bancos.they're holding up relatively well compared to the broad market $XLF $BAC $GS $C <--large C buying in $BAC in backburner,2021-01-03,1
790ba821-7a53-420c-a89f-645f9e630505,$CAT is hangin on my a thread. 1click away from a cliff drop.. Needs follow through (or snap-back on the VIX),2021-01-03,-1
2f8831c6-e8cf-4939-80eb-cf639f7e4d12,$PRGN A bottom right here?,2021-01-03,0
fe17c794-bfdc-4f15-9fe4-e964e63f058f,"$SPY Less than 0.2% down and people are calling it bearish. Some heading for exits already. Maybe 1% down will be ""the crash""? Disturbing!",2021-01-03,-1
2c36d47b-193b-4f18-a1c5-feaef6744705,"$P bull flag on the daily, earnings on the table tomorrow +/-12 move.Will straddle this one into earnings..lots of vol guaranteed here",2021-01-03,1
1801694c-1355-4c60-a844-5be15e3eb225,$AAPL Action into the close indicates that $AAPL probably hit a near term high.  Momentum slowing after a huge run.,2021-01-03,1
caaf2550-e3d6-4c82-b41a-4bad6415389c,$V A potential bearish shark pattern if point B $226 to be taken out. http://stks.co/i0GGH,2021-01-03,-1
4e944153-9e4c-4761-8229-f56dc9fb2e2b,$AMZN Trailing 12 months operating cash flow rose 48% to $4.98 billion & free cash flow decreased 63% to $388 million http://stks.co/c06zG,2021-01-03,0
66579a4d-b3a7-421d-88cd-ffdaa965a4d6,"$RNN day traders flushed out, it should start going up slowly from now on .",2021-01-03,1
bc5bbd79-c594-439b-b367-7e1e6afc2870,@chessNwine: $IWM 30-Minute Chart. Small caps threatening descending triangle breakdown under $110.20.  http://stks.co/r0KKm,2021-01-03,-1
88444f89-b4bd-4b81-a86c-c6e386f2270e,$YELP This goes green and so many shorts are toast!,2021-01-03,1
f6ffc113-6c97-43ec-9ad6-823173f67637,RT @tomhend777 $MU needs to hold here -Broken for now. Needs big flush. Still not technically oversold so now big bounce yet,2021-01-03,0
9ca2defd-0a33-4271-94ac-e00d1e3ab99a,$AMRN Got sell signal 7/1/14 still in force with target below 1.50,2021-01-03,-1
e1b8b7d2-6746-4651-82d4-9bcab4568905,"$SLV POS, been saying it for 2 years. Going lower. Forget about it or go short.",2021-01-03,-1
189415c2-4756-43d0-a74b-7b033ef5c778,New recommendation from Carl Kirst of BMO Capital Markets for $WMB is BUY.Price target is $62:http://stks.co/t0S0r,2021-01-03,1
3a59ce15-40cc-4d39-bab7-dce4e7ab25c9,$DNKN $KKD $DPZ $LOCO Inside week buy triggers. http://stks.co/h0vV8  http://stks.co/r0ebN,2021-01-03,1
a18a383a-7a67-43a2-94ab-436364d81d27,"$RIG whos ever pushing this is crazy, get ready for suspended dividend (turning into growth stock) blow out earnings, and major buyback, lol",2021-01-03,0
63378ae8-8bb5-428d-8aac-0d3a7ff0b0df,$AAPL Nice RSI 33 bounce at 9:58,2021-01-03,1
6650270e-8255-4c93-904e-ed67af25fca6,"$AXDX I got bored, and took my proprietary profit exit. I didn't like the option liquidity and lousy spreads.",2021-01-03,-1
0e19f2bb-6ab1-41eb-800a-fe0ea474f2c6,$NFLX Easy pop to 500$ by end of feb.. Then steady as she goes for 600 into second earnings report..800$ year end no matter what,2021-01-03,1
30785692-dc26-4dd1-bf0b-8f648bd8b615,$IWM relative weakness is pretty apparent but the short boat is getting full on this one. I prefer the boat closer to empty.,2021-01-03,-1
804376c1-dc9f-47b1-9e90-e30a9832f726,@saltwaternurse $INO can test 10 again in next few days. time to take some profits here. or hedge with puts.,2021-01-03,-1
c0b7c3b1-d933-4146-8f78-b71ac3c51775,"@Stockoptionexpert: $MAT - 6%, big trader added 10000 April put contracts 3 days ago  http://stks.co/c1Ols",2021-01-03,-1
496e77ba-8ca4-45eb-9646-e28d78b5ece6,$FTI Breakout today after reporting earnings last night,2021-01-03,1
113e2462-2792-4a3f-a4eb-116a71701f01,"$KO had missed earnings expectations for the last two quarters, so today’s strong results came as a major surprise http://stks.co/d0RHF",2021-01-03,1
42da59c8-fdb4-42b4-a15c-a9049a992361,$COH Gaining Momentum! Nice buy signals here! Long Over $35.92 http://stks.co/t0tAh,2021-01-03,1
df95a7b1-8820-43dd-8b09-e76c3c53cfe9,$BABA may take a few days wks months watch what happened to $FB $TWTR after they IPO. mrkt needs to washout. to hunt well need 2 wait stalk.,2021-01-03,0
63e13bf0-f043-458c-8c52-1c7a3c5c58a6,$RAD All my charts are flashing oversold.,2021-01-03,0
6023a048-3f65-434e-a2e0-8f2e68f90fae,$RSOL bought 3500 shares today!,2021-01-03,1
2319236a-659a-47c2-9d2d-97017e7d5a9b,$ARIA This is the reason why shorts don't show up...long steady small climbs. The best way to accrue value. IMO,2021-01-03,1
535a45b2-a6dc-4f75-bc28-8b42f95a6de2,$CAMT Looks like might break down. I'm out,2021-01-03,-1
3d2ca89c-d7e0-41dd-9b91-67607cb136a2,$ATHN Seems like a good short setup. Stop above the 50 day. No position.,2021-01-03,-1
aae38b5d-b17a-463c-af5a-f9c78e2f5d56,$KIOR My god. Market getting crushed today. Gotta hold if anything g should recover some tomorrow I imagine.,2021-01-03,-1
8089e7d0-e9bd-4aef-91e1-625e3b043017,$AAPL  downgrade is bias. This stock is a buy.,2021-01-03,1
def42717-8136-4880-9566-c2db58914db3,LinkedIn Revenue Up Nearly 50% http://stks.co/g1F4T  $LNKD,2021-01-03,1
7a0c4977-f98e-4a64-bc1d-e55bdfdd9d57,$PLUG bear raid,2021-01-03,-1
1260002f-de8f-495e-84e6-0bd7097ed080,$GPRO down 25% since Tue morning.,2021-01-03,-1
7094150a-1565-450f-bd0a-3501fa19552b,$ROST Ross Stores Upgraded to Outperform at RBC Capital Markets http://stks.co/j0Q9t,2021-01-03,1
1ecafa91-5b1c-4ce4-91ad-818362e0af5a,$ARIA Bounce Player! Long above $6.17 http://stks.co/q0WfF,2021-01-03,1
94d451ba-a0f7-43e8-8634-9b3e185eeeae,"$TSLA looking good..i'd love to see a basing action here, letting the RSI take a breather. http://stks.co/g1T7c",2021-01-03,1
825bfce4-0934-445f-b718-614ec1b7bdad,$RAD I would consider this opportunity to add my position because the company is on the right track they are still improving sales...,2021-01-03,1
5ac1dbce-d07a-4a76-aa3d-b03b62a68d96,$GTAT Will re-enter short on bounce...,2021-01-03,-1
41c27a79-9b0c-4353-a77d-c804a43eec7e,$TROW Ascending triangle gives a bullish bias to this chart. Breakout above 84 will be positive http://stks.co/g0ls5,2021-01-03,1
7bfc46b6-50a6-41b1-92e3-fea5e460b0dd,$AEGN MACD and ADX are crossing over the signal lines! Long Setup http://stks.co/qzzx,2021-01-03,1
bd31ca14-298b-4fcb-990a-a19d13b5375c,what #stocks large players are selling http://stks.co/t0Vel $CROX $GOGO $INO,2021-01-03,-1
4a701969-09eb-453c-a84d-dd91eecdc01f,$RNN More bleeding Monday.,2021-01-03,-1
aaf0c2a3-abc5-4973-acec-62de6e268f3f,$PLUG Closed short position. Small gain. Not interested in options expiring worthless,2021-01-03,1
288412e7-6b19-4e99-b4bb-cb7292468402,$UBNT still having some trouble at the resistance line. Should resolve soon.@cheri1 @strattonite   http://stks.co/c0sU4,2021-01-03,0
c539b8d7-f7e0-4fa1-9dd7-a13a4d1e221e,$TWTR The best scenario going forward is this stock slowly falling everyday....Which is quite probable...,2021-01-03,-1
e6ff5fd4-b480-4edb-8a5a-02ac9741e031,$MXWL Oh snap. Just went long again. LT,2021-01-03,1
0271842c-3769-41ab-938f-3af5aee34f9f,$HRL ready to pop! http://stks.co/s0Ny4,2021-01-03,1
b1f40939-e367-46b9-b861-b75f18484736,Just stumbled upon this amazing chart - $OFIX - holy guac. SUPER overbought. http://stks.co/e0PX1,2021-01-03,-1
32bdd8d1-97cd-4a84-ada4-ab7c18911acd,$FB i guess they want it down look at the those sell orders,2021-01-03,-1
080a10b5-3710-4ab5-9dad-c31e6658ffb3,@ACInvestorBlog: $SPY eod run :),2021-01-03,1
10d69ddd-ff3f-4e9e-89c0-93b86051178d,Phew! So far good $BBRY did not break 10.40 coz I was told that is key support level.,2021-01-03,1
89bb2b4c-1f75-4ec5-95f9-c1b3d7a573d6,$Oil slid to a four-year low after #OPEC kept its oil production unchanged  http://stks.co/a1IX4 $USO $WTI $Brent,2021-01-03,-1
6f525c48-e33d-492f-a50c-acb038592773,$CDTI bounce here on support or H&S setup this area is very important for bulls to not lose http://stks.co/c0mf3,2021-01-03,1
3c0d8c61-4f2b-470a-a5be-cd51d6ec4d39,$LNKD Daily Phase 2 retest - Price experiencing early rejection. Can it retest? http://stks.co/t04xX,2021-01-03,-1
86ff2618-72e8-4f21-afb5-443c94299d9a,3-star analyst Joe Wittine from Longbow Research reiterated a HOLD rating on $NTAP.,2021-01-03,1
3a6bb234-40a6-4a91-9552-337a2960eb32,$GOOG Testing the 200 day after some consolidation http://stks.co/h0cPJ,2021-01-03,1
333a20c8-dad6-4919-b14c-2a42d7c41a8c,Walter Investment Management Corp Receives a Sell from Compass Point $WAC http://stks.co/c1IvX,2021-01-03,-1
96447375-5fea-43cd-9cd0-d3e5df57777c,"So as of today's close (8/15/14), I'm long $TSLA $AMTD $TWTR $FB $AAPL $CELG - all on a longer-term, technical swing long basis.",2021-01-03,1
196dcaef-92bf-4256-9d82-bfc3c4939df9,"$HAL If bulls lucky enuff to get an upside gap fill, better take it. Wouldn't chase it here. http://stks.co/r12Us",2021-01-03,0
a496a24d-08f5-40c5-838a-04235bd25fe9,@1nvestor: $SODA has a 42.71% Float Short. LoL  http://stks.co/e0DfP,2021-01-03,-1
3575ef0b-53ac-4e7e-ab79-44e6c827a48e,"@BrooklynBandit: $SIMO Basing nice. A close over 24.18 is bullish $QQQ $SPY $STUDY watch for a close near HOD. Currently up +3%"" up +5%",2021-01-03,1
b4e56ac2-24f5-415c-95fa-3e2505bbe0d2,$KEP breaking out when the market pulls back  http://stks.co/r0cet,2021-01-03,1
2237dc2b-dbdd-40de-aeec-27f89b8588fa,$VIPS similar pattern like beginning of May. Did u sell? Same now..will go up much higher after this drop.,2021-01-03,1
0f41c5ba-5913-4be6-bd23-83d5962014a3,"@Binkster69 Not that. it's just ER's lol. But looking at the correlation of $ARIA and foreign price charts, they are all poised to breakout.",2021-01-03,1
2ba27b47-cf8d-4d12-a539-ff465a6438e1,$GDX $GDXJ $JNUG - strong move today for the Junior Gold Miners - keep an EYE out for a gap fill -,2021-01-03,1
ceeb013d-0149-4e28-9d7a-83290051aa5a,@BULLYA @pollux654321 My 50 $KORS 80 Calls are going to b a Blessing for my Daughters tuition!,2021-01-03,1
d5301145-1fb6-476e-bff2-fa35ee6db41a,$FB they are hitting  everything in sight.short it. but twtr,2021-01-03,-1
1f04fd0b-7a5b-458c-88e5-63783409075b,$TSLA You have to love these types of articles. SS interest rose on 12/15 on day before we hit our lows. http://stks.co/c1QKr,2021-01-03,-1
7ddcb09d-a13c-423f-9ad6-2c6e1ee393a1,"$KNDI Let's see some higher highs and higher lows rest of the day , slow and steady",2021-01-03,1
f5518f79-0dc9-42fb-ad81-1cbe7a061872,"$IFF technical alerts: Stochastic Sell Signal, 200 DMA Support, and 50 DMA Support  http://stks.co/p12QY",2021-01-03,-1
c4c7bccf-3a7e-4f22-95af-6b683cd09ca9,"$INO Up, up, and away!",2021-01-03,1
e1674b77-cede-40b3-9416-fbedaf48a0bb,$BOBE down $2.84  premarket,2021-01-03,-1
b8a5d76e-6bbe-4deb-b029-fc8025e1ed8c,$CHRM Loooooongggggg base,2021-01-03,1
f03c1155-2259-4991-be54-e690dc20a033,$NQ got hit hard lower this AM --> looks like it has found support a 18.89 http://stks.co/s052z,2021-01-03,-1
24a3fd83-6bc3-40b1-a565-19d3734f5b42,$RSH - looking for first profitable quarter in 3 years!!!  ;).  LONG & STRONG,2021-01-03,1
d635252d-fc90-4ab9-9688-9d8e64665e0b,$GS sells flat..I am out..,2021-01-03,-1
39a9faca-3030-4cf9-b8eb-917c0412607b,Synergy Pharma Soars 67% Today On Positive Phase 3 Results $SGYP http://stks.co/j2awg,2021-01-03,1
10f3e73d-ed34-4e51-9516-f666ad72826b,NaturalGas Settles At 3-year Low $DBO $BNO  http://stks.co/d27qX,2021-01-03,-1
2b4acc4f-0654-4569-9f1b-078efdf6b998,$WX Decent pull back . .,2021-01-03,-1
f141c941-21d3-4518-9aa0-2a49b5482ec0,"09:01 AM      $AKS  DJ AK Steel Revenue Rises 36% on Auto Sector Demand, Acquisition",2021-01-03,1
0d74c5be-6e06-476e-8ef7-fe784c7b378a,$BBRY both 1m/6m trends turn bullish today with a resistance level at $11.31. http://stks.co/j1qt6,2021-01-03,1
c62b71fa-b1c5-4ad2-95af-fc657fac6afb,Long $GPRO for a brealout trade,2021-01-03,1
15db88b8-2fe1-4807-92a4-0ee7eb7bd343,$UGAZ Will this cold put a dent in the massive horizontal rig production. Who knows  http://stks.co/p1V6P,2021-01-03,-1
cc52ec3e-170e-4891-8aa5-90a629f1f594,$ISRG - ISRG Short - http://stks.co/f1vVU http://stks.co/c1qrm,2021-01-03,-1
9b21ed6f-cd15-4ca5-9d4c-54a49717871c,"$HPQ Says Breakup Will Cost Billions, but Sees Savings Too http://stks.co/p27hZ",2021-01-03,-1
f051a722-8c85-48b1-9f22-77583f4107c2,@Renatta @Fr0van @kjepeneter @RPTL  Strong close 4 $PLNR  coming,2021-01-03,1
4cfc43e0-7876-4655-849c-9c480e7738b7,Buyback not trending right ( $CPIX spending more as shares pricier). Hopefully will pull back w 6.87 Q2 closing VWAP,2021-01-03,-1
8f6f2c82-d7dc-43fb-955b-c3d552c279db,"$GILD Sandbagged the guidance so the can use that last 3 billion up.  CC was cautiously optimistic, wait til Next ER for confirmation",2021-01-03,0
ddb90261-f45f-4e98-92d4-0295b6a8974c,End Of Day Scan: Stochastic Overbought $JDST $FREE $BLRX $LPG $AFSI $DVAX $HDGE $AHT $ALR $ASMB  www.dailystockplays.com,2021-01-03,-1
53ce5b39-bf4a-4bac-9f46-f2cc5b533bd3,$YANG Double bottom 5.2,2021-01-03,1
d3d6d229-0975-457c-9420-232a1bc34b92,$HYG Potential continuation Uptrend on a 60'-15'-4' charts http://stks.co/t1Qp6,2021-01-03,1
8a3e14b4-125b-4c5b-82ec-d1eb19091ec2,$CYTX looks like an ascending channel on Finfiz http://stks.co/f26r4,2021-01-03,1
fd612f5e-2312-4582-aff5-1b565fe2fcc8,$AAPL Now I'm glad I got stopped out of my $113 weeklies when I did. Will re-enter next Monday for the #earnings run-up.,2021-01-03,0
92a34931-315c-402f-831c-81757e8ee2dd,"$WFM Bought a little yesterday, hoping for an earnings pop.",2021-01-03,1
d0f7ee98-53f8-4510-9ee9-93da03e8cefd,EUR/USD Finding Support Near 1.10 Level $ERO $UUP $UDN $FXE  http://stks.co/b29eU,2021-01-03,1
c6888980-76cb-49ca-acea-803a199c78bc,$IBIO  up 10% in premarket ready for lift off,2021-01-03,1
bb968b7b-24f1-44f4-90fb-b2d528ee40c9,"RECAP: $MSFT rumor this morning had them spinning off XBOX unit, stock grinds up all day to close on highs",2021-01-03,1
f27fa0fa-6339-40fc-b8ab-cc52323fdfab,"$AAPL AAPL finally breaking under the 49 M.A.. With no buybacks this week, look for AAPL to test the 120 support area.",2021-01-03,-1
6c1966b7-0e88-42ac-abe0-860a8e657311,"$DGI technical alerts: Gilligan's Island Buy Setup, Stochastic Buy Signal, Lizard Bullish, Hammer Candlestick, Wid... http://stks.co/c29Nu",2021-01-03,1
edec4391-a751-4aba-aab7-8f9daa6aff49,$LUV Continues to consolidate above previous break out area...,2021-01-03,1
4112fe83-6f41-4260-933e-73c4837c2bfb,$REN bottoming out again.. Good time to buy,2021-01-03,1
ee4b59bf-badf-4613-9203-507064e53c16,$GOOGL Hit With Lawsuit from Russian Search Engine $YNDX http://stks.co/b1kD8,2021-01-03,-1
4f7cda2e-4637-4dea-963e-38d2826dce24,$AAPL at resistance right here...sold my shares...will buy back if it dips or if it goes in the 128 gap zone,2021-01-03,-1
7d36a5a3-b366-4b14-8a76-fa7c4644fe2e,$GALE Breakout Coming Soon!,2021-01-03,1
d5636b94-bd1e-475b-a37f-316617ee1564,"$RUSS Don't catch falling knives, but I think an entry is coming soon on this",2021-01-03,0
8a10859e-b36a-4eed-9143-1c177dd91f9c,$AAPL $131 rally mode,2021-01-03,1
887de655-e43b-4ef5-80df-f73f34c34700,$MPWR CEO sells 450k april 15th..meh,2021-01-03,-1
73a2790e-2149-4aef-9895-83344be0497b,"Homebuilders - $RYL breaking below support, watch this one.  $SPY",2021-01-03,-1
83ccc1c0-0910-4135-b5b9-7376590d5e6b,$AAPL afternoon selloff as usual will be brutal. get ready to lose a ton of money.,2021-01-03,-1
0d015a95-d6ed-45c4-bd31-c8940d83da94,$AMZN Going thru the roof needs a sell!,2021-01-03,1
d959c231-f750-4a70-8c7c-6a9bfdec8b26,"$ESI on lows, down $1.50 to $2.50 BK a real possibility",2021-01-03,-1
2721eac1-a338-4674-ae9f-927f7c6aa7bd,Short on $ATVI from 24.55.,2021-01-03,-1
a7909761-bec3-439f-8f43-2ddb3c1fd1b5,End Of Day Scan: Bullish MA  Crossovers $BBVA $PDS $NTLS $NGL $SBRCY $FGL $MTNOY $TTT  www.dailystockplays.com,2021-01-03,1
e18a05e6-6982-4a76-8d57-3dc699c7bae8,"@louiebeene vwap is 1.63, held the trend line. Should be on a LOT of radars. $NAVB",2021-01-03,1
79677e92-8018-4f23-9455-d77894b85047,$NEON oversold,2021-01-03,1
3c32f7e3-ee9a-4d23-9b78-2bd65ae3cf62,"$SSYS just re-tested lows . Should rise steadily from here. It hit $81 just 21 trading days ago, and $130.86 on Sept 18. It'll do it again.",2021-01-03,1
d6b30b3a-4835-43a0-bb64-7ec68593e49a,"$KNDI Break that HOD on volume, and we have a nice consolidation completed for another run.",2021-01-03,1
46e9aba0-74f3-4122-b806-7acc7e579651,$INVE : SEE YA ABOVE $8,2021-01-03,1
d59b4ae9-b67a-43ba-b9fe-4859ae2665b3,$BXS: BancorpSouth Announces Extension of Merger Agreements with ... http://stks.co/s2PDF,2021-01-03,1
2ddb1fa2-9b52-49d1-88cf-6ddc15848d05,"Maglan Capital Up +20.84% In February, Long Fairpoint  http://stks.co/s1eQc $$ $FRP",2021-01-03,1
48c047d0-f45b-4074-9f7d-80f9a3edff14,Exact (EXAS) Flagged As Strong On High Volume $EXAS http://stks.co/r26Ra,2021-01-03,1
fee6fbac-c8d7-4cd8-81e1-bbff521f52d0,$BIOC RSI extremely in long's favor looking at BIOC historically.,2021-01-03,1
c6c4e205-75bd-4148-9686-f649da371588,$TNH Looks like an explosive setup if it can break the 20EMA and 105 level http://stks.co/b1SVH,2021-01-03,1
d76fbf35-8d12-4e26-a672-a66513975b4e,$VMW  Got a nice push today following small sweepers of May C this morning,2021-01-03,1
f17d78a1-b487-440c-8c83-b43729f2072d,$DDD 3D Systems (DDD) Stock Receives Ratings Downgrade Today at Jefferies http://stks.co/g1cqd,2021-01-03,-1
0f813513-198b-405e-9452-929be45724d6,$AAPL Dips being bought up real quick. Higher lows fo sho,2021-01-03,1
d18f4b01-8c85-4ec8-9f61-b49f79aa1dd3,Long $X 24.62,2021-01-03,1
0ffef87b-00e4-4963-8f36-c126e43484eb,$NKE gapping up to all time highs http://stks.co/q1jAu #tradeideas http://stks.co/r1j6c,2021-01-03,1
1dfd314e-2cef-444e-8ed3-a1792afc0c7b,@Intuitiv $CLNE gasoline prices spike in California. http://stks.co/t1bOi,2021-01-03,1
2baa0674-f55b-497f-904b-53fb6e044cb3,ESPN Files Lawsuit Against Verizon - http://stks.co/i2Cj1 $VZ,2021-01-03,-1
cedff618-8e25-44f7-9732-936119bf4f9b,$AVGO great growth stk &  also raised dividend . clearly a great investment http://stks.co/r2F3h,2021-01-03,1
1d1e9b22-8d39-41ef-b233-8f95e6de565c,"$RXII Tang really is toxic, they keep bringing the share price down. At least they could let it climb a little before dragging it down.",2021-01-03,-1
372c54ed-eee4-47a9-a837-2476f0c90963,$AAPL near a 3% drop thats a lot... now the best i can do is HOLD ER lol,2021-01-03,-1
7c6d75a9-489f-40ea-a921-00942ce2f956,$HCP Come to the party and buy this -gonna give solid gains and a dividend $$$$$$,2021-01-03,1
c553c9f1-a9bb-40d3-8e34-040aa62c02c0,"$ONTY Continues to base as debate lingers. ONT-10 data next potential catalyst. If positive, stock quickly moves to $10. Downside limited.",2021-01-03,1
23d03435-d7c3-4469-b131-ba6e39ae8d63,$SPY Looks like bear traps getting laid faster than Cadbury Creme Eggs by the Easter Bunny,2021-01-03,1
ec57ab87-b4ae-49ec-b3a1-f2cbcbd71a40,$BBRY Sierra. Has a great cash balance and impressive growth rate.Would be a wonderful marriage!,2021-01-03,1
1e3dabef-398d-4b89-b1c1-37f0bffdec93,$IWM same conditions that sent markets to tumble all hitting this week,2021-01-03,-1
c801b9da-737d-4a51-959c-0579449520c8,$CRK time to accumulate for a long position with far more upside than downside,2021-01-03,1
5b4c3ff1-f926-406d-a428-97429cb7b668,$BWLD bearish engulfing candle,2021-01-03,-1
2743899f-0dbb-4162-9572-5a74bf9670b2,for @vnoto74 to follow:  after a SELL signal by $NDX internals [06/23] ~> technical SELL $QQQ [06/25] ~> DOWN,2021-01-03,-1
89dbc202-12a3-4a9a-af60-bc89ef604221,$AWR Standard & Poor's Affirms 'A+' Credit Rating at American States Water Company and Golden State Water Company http://stks.co/f2P94,2021-01-03,1
2d2ac2c5-4a84-4aeb-acfb-4e65b7b4366f,$FREE Ha Heeeeeere comes the pump! So glad I picked up 9K end of day! Get ready for the bull ride!,2021-01-03,1
b50aca3b-92cf-4e00-b0f7-cb8ed7c9c2a9,$NUAN held up well after the big gains! Maybe we're finally on the move on this!!its still very undervalued and has major upside,2021-01-03,1
0c83abd8-ae1e-48cf-bad5-e42d8a245f4c,Why $MCD looks set to fall further. http://stks.co/f2fgj,2021-01-03,-1
dc41532b-cbcd-48b1-84b6-d739f1c278f4,@technik I still have a smaller $GILD pos. Being very tender with cash due to volatility. So reluctant to keep many big positions.,2021-01-03,1
aa6c546f-4cc6-46b2-83ae-6a7fac38cff8,$FB bot some @78.47 breakout from the consolidation zone :D,2021-01-03,1
8c1129f9-ea48-4b5a-92c9-3736d4c6b901,$XLI Potential intermediate top in an Uptrend on a 60'-15'-4' charts http://stks.co/j1TdF,2021-01-03,1
05f16e49-625e-4d85-8014-d81a7e5ce352,$TWTR sad the only thing to move this is a takeover rumor only to be sold off next day !,2021-01-03,-1
59fa3d73-8632-405d-9213-273b07f2e889,"$VRTX Vertex. Monthly -lower hi/lower lo,  Long term uptrend intract so far",2021-01-03,1
fe6d7e1e-233d-487d-81e6-05b2cd904ce1,$GEVO PLUNGING!  Back to $3.55.,2021-01-03,-1
0c1a49b7-35ef-4318-9541-e51de952bf94,energy still failing to close above the 10D MA.  continues to stand out weak $XLE,2021-01-03,-1
b382d586-62c1-4125-a1c6-7ae9bc9e1a1a,$ENB.CA {Head&Shoulders} bullish reversal setup and breakout. Oil and Gas Pipleline stock. $USO,2021-01-03,1
d75a64d6-69d4-449b-81fb-33212748fa6a,"$IMRS - it's important to be pragmatic in analysis...high prices could offer head-winds....bullish story intact,evenif the market rolls over",2021-01-03,1
fef97997-2c95-43f0-8967-344b4102ab7e,Micron Shares Pounded On Fears Of Loss Of Business From Apple; Stifel Defends $AAPL $MU http://stks.co/t1Z8T @Marjo,2021-01-03,-1
78edd625-330e-4d44-a903-7725da4263e6,"$CHKP ABC Bullish Pattern, Targets https://t.co/uVMmRSR5Zy",2021-01-03,1
6135556e-8427-43f5-9dac-37746d321a3f,$TSLA is now up 57% from its February low. Amazing rebound.,2021-01-03,1
408f85c4-198f-47ed-a419-144d39e31360,$SBUX downgraded to neutral at Deutsche Bank. Price target reduced to $64 from $70.,2021-01-03,-1
ab477ad0-fb93-438f-a8f4-41fc5dd2c88f,"Micron Technology Inc #NASDAQ: $MU down 2.3% today and down 8.9% since being put on ""The Short"" https://t.co/EQQLTfUiOU",2021-01-03,-1
dadced2e-65ad-4694-a2d0-e935ffcb9475,$YHOO About to break out on the 5-min...,2021-01-03,1
8774141d-7105-4e1c-96bd-d6ec90452a9c,$GILD 91 now support. $IBB $BIB https://t.co/GIoOf6zbKv,2021-01-03,1
f69cfc9d-0f81-4078-9bc6-d29abd3a623f,$FB down 7.5% from this #bearish pattern.  Considering the #bullish sentiment - That's an impressive bearish move https://t.co/TaJF0cH2qh,2021-01-03,-1
66289476-b304-43c9-af26-23582064f50d,$SAVE long. https://t.co/yEJuS9cMlC,2021-01-03,1
b1525be5-07f6-4ea8-b1e0-ccbf1b2c821c,@mugatushair Now it is time to short $TSLA,2021-01-03,-1
c2947f0e-6ede-40ee-a5ff-00379feaeefe,$COST Costco less than stellar day but it held the 50 day moving average,2021-01-03,-1
63c0b13b-ee8e-4529-9656-61daf7333b45,"$AGN and $PYPL under pressure along with the market, however there were bullish options trades in both this morning https://t.co/9xG5W8nONT",2021-01-03,0
6ddd4b77-7bf4-46d2-b35b-d1fb2104fdf2,Costco: A Premier Retail Dividend Play https://t.co/Fa5cnh2t0t $COST,2021-01-03,1
814affc4-cd51-42c8-97d4-5f91888364cf,$INTC finally some nice downside move... looking for the 31 handle to break,2021-01-03,-1
62989820-ed39-4732-b697-d60c0f2b94e9,"$YHOO fishy action. New party interested (DailyMail) bounce & retreats. Not short by any means, but action questions big up move. Thoughts?",2021-01-03,0
3dda7e56-d8e2-4955-b436-4a91d33c28b2,"Sheryl Sandberg Sells 109,000 Shares of Facebook Inc $FB Stock https://t.co/3vXT7AMnpk via @RatingsNetwork",2021-01-03,-1
146d4bcf-6df9-4878-abbe-3151935a8760,Amazon has been selling surveillance cameras infected with malware $AMZN #Amazon  https://t.co/TohLEQ8FK6 https://t.co/5PR4cBtVVy,2021-01-03,-1
3e16c4ca-dbaa-4b90-b873-0f9b7e1265dc,"$TSLA 5th wave down on the 1 hour chart, hammer candle developing, close to 200 sma, might be a good spot for calls",2021-01-03,1
0de35c2b-fdce-4531-b8b3-f3f3fe0e5fda,Baird Upgrades Tesla Motors $TSLA to Outperform https://t.co/1FA6aTOqlw,2021-01-03,1
67679a84-0b5d-49d0-bddc-5e0202004fef,$ilmn piper Jeffries raises pt.  I remain long,2021-01-03,1
bb1f6018-a5e8-4b11-b0e6-41015511dc98,"@HopeTurock yes, the expectations of a deal are somewhat priced in but we could see a nice pop if bids come in higher than expected... $YHOO",2021-01-03,1
152e4b99-9994-4877-bb40-d5716be10e07,I don't see it. 200 day sma is the big hurdle. There is a good base building. $NFLX  https://t.co/ImKYGO2cyc,2021-01-03,1
fc0f2e67-b7d8-4afb-bd09-e0165111dffe,Daily Mail parent company in talks with potential partners about joint bid for Yahoo's internet assets: https://t.co/mK7MEMtADT $YHOO,2021-01-03,1
020c26ea-aa62-46d8-8adf-2a784e4c04e7,expecting  $SPY to close above 205.20 $AAPL,2021-01-03,1
fabdcc5e-075c-4498-a64e-af9c2ba67643,"$FB trending nicely, intraday.",2021-01-03,1
deb26fa5-5022-4de5-a901-5d031c4fd1c4,Starbucks' Digital Strategy To Drive Significant Growth With Customer Loyalty $SBUX https://t.co/Xk6lZ3UI3K,2021-01-03,1
55a3609c-2842-4a91-a670-7002ec38d88f,"$QCOM chart: Qualcomm Short 61.8% Retracement, Trendline and Resistance. https://t.co/2WQqh35KOY",2021-01-03,-1
857768cd-3c87-4a54-9b19-a2e19dd6523d,"$INTU is in the process of streamlining its structure, especially through divestment of non-core businesses   https://t.co/dR5baNun2u",2021-01-03,1
295743d2-a2e4-41aa-a798-2b6c05b50f78,"$TSLA steaming up again, this stock is relentless at the moment",2021-01-03,1
851ab85d-e1b1-4d12-a8c4-5bc05ddf6727,.@barronsonline sees #Apple at $150/share in a year (+36% from today) on growing services business. $AAPL https://t.co/3BDNEKN7l1,2021-01-03,1
55be3f0d-3744-4e6c-91fa-0e3603472af9,Adobe Receives New Rating from Top Analyst $ADBE https://t.co/LJNXPEvHZN,2021-01-03,1
631ca376-3bf9-4c69-96ef-e4a3b538ff3d,Activision Blizzard Media Networks Announces Record #Esports Viewership https://t.co/729BiqLbtK $ATVI partnered with $HDSI for 9 #tournament,2021-01-03,1
d06b217d-2064-402f-b3be-c32a81915f8d,"Also, BMO had just initiated $incy with an outperform yesterday, while several other firms all reiterated buy ratings.",2021-01-03,1
afb62589-0847-4394-bc19-175d6634a734,@REC_Zakaria Monday Bulls Are Out! Stock Ticker- Michael James Ent. Other picks $SBUX $GVP $NKE,2021-01-03,1
d6fabf27-c2d9-4af0-ae03-771db7d1aedd,#Tesla: Model X Recall Adds To Reliability Issues $TSLA https://t.co/jVXQ4DoXnP,2021-01-03,-1
0f3ffbf2-2fd1-4816-aa91-078f1467c80e,Microsoft joins the open-source Eclipse Foundation https://t.co/z8G5cZaKeU focus on collaboration & open business is a smart strategy! $MSFT,2021-01-03,1
81dd11dd-6d46-4cad-bd1f-340d9ea08b8a,"Sudden optimism about iPhone sales (i.e., not as bad as expected) gives Apple $AAPL a lift.  https://t.co/oKTCw4YiB5",2021-01-03,1
aa73a485-dfde-45b4-9ca1-e923db81cfd6,$NFLX +1% $104.80 LONG streaming services rapidly outpacing traditional cable,2021-01-03,1
53f0df45-6890-4929-b716-f479622cfa66,Infection worries prompt regulatory reviews of Gilead leukaemia drug $GILD https://t.co/H9vqXpZ15G via @YahooFinance,2021-01-03,-1
77a00dcc-33b7-4c2d-8f33-42425cce8e66,Preparing for a Breakout Trade in Netflix $NFLX  https://t.co/CzHIX3tuAG $$ https://t.co/z1qb9xa4LD,2021-01-03,1
1346e173-b276-4c03-9e56-6ad85bcf315f,"$CTRP just broke resistance, watching for a #redtogreen #breakout right out of the gate tomorrow morning. #stocks https://t.co/8VXFUUIt04",2021-01-03,1
c21d6d5d-c71d-4da4-8a03-bfc7d2e9dd0a,Deutsche Bank cuts $SBUX,2021-01-03,-1
b89e7b1e-7649-428f-840e-3b690ae8c1ea,"Fastenal misses by $0.01, misses on revenue $FAST #NYSE https://t.co/63JHQ7pwMN",2021-01-03,-1
a3be756d-125b-4ceb-a8c7-6f3ec58f5076,$TSLA recall,2021-01-03,-1
bafb162b-33b0-4b46-a782-a4c423481cc3,Piper upgrades Symantec on improving renewal rates and enterprise growth $SYMC,2021-01-03,1
6349bb3d-339e-45b2-9e05-be39a3616da1,#FusionIQ NEW Positive Timing Signal on $SBUX Today https://t.co/9ImlXz4YNa Please Retweet #Signals,2021-01-03,1
5c652f8d-d06b-4a78-af7f-9f4ffeceff94,#LongPos $TSLA 256 Break-out thru 50 & 200- DMA (197-230) upper head res (274-279) Short squeeze in progress Nr term obj: 310 Stop loss:239,2021-01-03,1
01f9c36f-ef45-4b4d-b5f8-80616955f9e8,Starbucks' Digital Strategy To Drive Significant Growth With Customer Loyalty https://t.co/9Q7cI79IYO $SBUX,2021-01-03,1
7f2f8ba5-7b49-4eb6-9f8b-8e181f075b03,Apple: Another attempt to break out on Apple but with weak PVT   $AAPL #Trading #investing #aapl https://t.co/DNh7Hgv22V,2021-01-03,1
40074310-5155-479d-b0b7-c6f4f3e49a12,$ISRG Break out confirmed. Bought Leaps. Good trading!,2021-01-03,1
3110ae75-a3c7-403e-b7bd-85c79121487d,"@sharkbiotech If anyone is selling/shorting $AGN b/c you believe $ENDP rumors to be realistic, then I'll take the other side of that trade",2021-01-03,1
8f1238b9-82e2-454a-a7b2-18d3bc6caa8c,$FB & $TSLA cracking lower early. $short #correction #stocks,2021-01-03,-1
b8529955-6881-4300-944e-a5cf572c3ec0,Today I bought more $MU $YHOO $VALE $NBL $TWTR $AXP $ZNGA https://t.co/Vt6T5Zp2is,2021-01-03,1
baa9af56-d1f4-4a33-925a-e967a3f6839a,Hard to find new buyers of $TSLA at 250.  Shorts continue to pile in.,2021-01-03,-1
3fe4c97b-27cc-4af0-92f6-0538d32a8758,"$AMZN trades in mid to upper range. No break out yet, either direction",2021-01-03,0
cfeabba9-1f98-40b3-9bff-75951e892c74,$TSLA announces a recall and the stock doesn't sell off. This stock is teflon. Won't last forever.,2021-01-03,1
91e67d7f-7bb3-4cb4-860f-3ea2d1f3fabd,$NFLX and $TSLA making all kinds of gains 📈,2021-01-03,1
35f0270a-85b5-41a3-a948-62f398b20a58,"@TraceyRyniec not just energy, it's so broad. You will see it in WWG and Kaman as well. I'd be short $fast",2021-01-03,-1
de274213-b29e-497d-a710-9b6c991e04c6,$AAPL Goldman Sachs reiterates conviction buy on Apple with a $155 PT $SPY $DJIA $GS https://t.co/h5hmXSITwM,2021-01-03,1
d3c21550-c41b-4be3-ae5f-a4163f3fde2f,Tesla issues its first Model X recall https://t.co/t1kMqVwhQQ $TSLA,2021-01-03,-1
197b6bc8-f820-4c25-8c26-04b8976186e0,$ENDP being sued by FTC.....nobody will buy them with that hanging over their heads,2021-01-03,-1
02f60482-a426-4b53-8e73-ebe334358a0d,$TSLA weakest in todays DT watchlist,2021-01-03,-1
21f6213b-7f3b-4ccf-aa39-a55e41496c9b,"$TSLA on fire, what is that 6 up days in a row. Someone neeeeds!! in",2021-01-03,1
d2e3f7dc-26e8-4b93-a0dd-231a6e3079a5,$GILD chart: With $IBB back over support. https://t.co/GpRZ2UJFC4,2021-01-03,1
1b8aa513-eb05-4439-b0af-be6899237581,"$KNDI #China #ElectricCar maker. China car sales +7.8%. Also, may feed off $TSLA momentum run lately.",2021-01-03,1
95283287-d145-4d0d-80a4-ac121ef58d49,"took some $ENDP long this am, using VWAP as guide",2021-01-03,1
382d8ddb-8de8-4577-b7ca-0b634ad542b2,"maybe closing all those $AAPL calls i had this morning was a bad idea, money left on the table...",2021-01-03,1
b2501618-6de5-4a16-b04c-2a6ccbfd86a7,$AAPL weekly still under the 50 moving average and creating a lower high. https://t.co/vT7ppzY2UY,2021-01-03,-1
f4f56868-e137-488a-aab5-bfdd04fae16f,"Intuitive Surgical $ISRG is in a great financial position, take a look https://t.co/VahhJAcBFG https://t.co/24hQTQX4ou",2021-01-03,1
95d1cda9-602e-4d9d-8fff-59428d089123,$NFLX I say it's time to short at this point.,2021-01-03,-1
5b3d297a-e955-4904-a543-daba6ee51e0d,$TSLA upgraded to Buy @ Argus w/ $333 PT - you'd almost think after ~100pt run in 5 weeks this would be the sell signal,2021-01-03,1
0e489f10-73b2-4aa3-b81a-56b8b4f56104,$FB slight green... May be runner later,2021-01-03,1
adba136f-7cdd-4d0c-b052-91e615c5e0a6,"$AAPL Stock Climbs as Barron's Sees 40% Upside, Jim Cramer's Take  https://t.co/lKlD9mVKBQ",2021-01-03,1
22e6249f-38b1-4ea9-8bd2-cc39ef5ea226,"Tesla to recall 2,700 Model X SUVs over seat issue https://t.co/OdPraN59Xq $TSLA https://t.co/xvn4blIwpy https://t.co/ThfvWTnRPs",2021-01-03,-1
64952bfd-7ba5-43e8-a63d-f20779a90bd8,Juniper tumbles on Q1 warning; Cisco also lower $JNPR $CSCO https://t.co/bGvIntk43h,2021-01-03,-1
08082975-bef5-46a0-bf0f-bf8738b401ae,"$ATVI ooks pretty bullish for now. from a short-term perspective, it's got a good chance of maybe sliding back to 33.70 #stocks #investing",2021-01-03,1
bafec14a-9cf7-4266-8b4d-a366833c54d6,$CTRP  breaking out here on good vol and a parser buy signal  ..noticed this on bob langs comments looking for 48 fast,2021-01-03,1
06ac225c-f8df-4dce-a64b-0062845a94a6,"78 users on Vetr are bearish on Tesla Motors, Inc., indicating a SELL Rating (2 stars) for $TSLA https://t.co/vVpzqCXsNJ",2021-01-03,-1
a6383f19-62c3-43a1-b6c9-c0ed7d869b4a,4 beaten-down Internet companies that may be ripe for a #takeover target: #Twitter $TWTR - #LinkedIn $LNKD - #Yahoo! $YHOO - #Groupon $GRPN,2021-01-03,1
27cd3ca3-bd4b-49f6-ab68-75c9efd79b8d,"$STX long play, another consistent profit zone.. check it out https://t.co/DQfuzOzYlh https://t.co/ggne4ayzqn",2021-01-03,1
d89fed77-867d-4664-9294-87834ff8c09b,"$FB trend, hits mid 110's and drops",2021-01-03,-1
814ce60b-f620-474a-9143-6fa2dddf8d86,$PCLN Trying to break daily trend line! Big move could happen https://t.co/gY0aDb2jsQ https://t.co/KPBBCgQ2xy,2021-01-03,1
67ef9514-2421-451b-b31a-d5ea638421c1,$FB I've been dead on so far. Such a bloated valuation. https://t.co/czCf8Kbrlt,2021-01-03,-1
263a0b0b-d520-48be-bf97-73768da7287f,$TSLA recall model X https://t.co/b7izYa4BuE,2021-01-03,-1
dc3a8784-542e-4730-949e-abb65de19980,"$TSLA Recalls 2,700 Model X Vehicles; Shares Volatile https://t.co/tcKqZnMIqX #TSLA #tech #stockmarket https://t.co/FeMhJtAmQj",2021-01-03,-1
afb8db63-493b-47a7-8c6f-479748d9131c,Breaking: Tesla recalls all Model X cars  .. details on show now $TSLA,2021-01-03,-1
256bdd6f-ff1f-480f-9c5d-6c0d2c68e396,"$QCOM The indicator RSI is over 50, which stands at 56.1, an upward movement is expected. https://t.co/yfa9jcUsQa",2021-01-03,1
0433d474-6f22-41b6-9680-a06512af4b02,Supermarket Stocks Rally as Tesco Plans to Axe Non-core UK Assets $TSCO https://t.co/BmvhcrwREA,2021-01-03,1
1546613f-1758-4d4f-a026-1a5d5bce4dcf,$TRIP maintains Neutral rating at JP Morgan- PT cut $61 from $66,2021-01-03,0
b2867cd4-0fca-43d8-b381-c8a617862998,Why Alphabet Inc was just upgraded to buy https://t.co/dEVnLKhqtZ $GOOGL,2021-01-03,1
c1a4482a-c1b4-4ebb-a890-51c9f44f9ca5,@NASDboy I think the DNF crew can get this $NFLX short into the next 30 days heading into earnings,2021-01-03,-1
394b8496-ec66-472a-8ef9-c0b5c760c218,Added more $BBBY @jimcramer is wrong about this one. Still a very profitable merchant with profitable stores,2021-01-03,1
5b943f25-486c-4e41-b568-6df2787894ec,Added long at friday close  $SPY $LABU $BLUE $AMZN,2021-01-03,1
e1daf93d-9224-42a4-9111-ff439db77672,"Isolationism? Another Sell Rating, Sell Ratings On SPY, QQQ, IWM And Several Companies https://t.co/j35FNnx744 $AAPL #APPLE $AXP $BAC",2021-01-03,-1
ac00c47b-92e4-49e1-8336-d8e9791846b9,long $SDLP $CPGX $TWTR $BITA $LABU $FB $TSLA $ETE $SDRL  Autocharts @ https://t.co/nxLx1ES7nY,2021-01-03,1
63a65dac-7fbc-4661-bb4c-92aa9e248e1d,Costco: A Premier Retail Dividend Play https://t.co/J3UhTs022M $COST,2021-01-03,1
5f1a8b1d-0878-42fc-8fbb-da82608a7d40,Pivotal Research upgrading $GOOGL to buy.  https://t.co/LSahepdqhD    #stocktrading,2021-01-03,1
821eb538-44ef-4442-94cc-6d02be6971a0,Most bullish stocks on Twitter during this dip. $YHOO $GDX $GOOGL $STZ $GOLD $EW $VZ $CELG $SBUX $SCTY more: https://t.co/iuZJelfwt3,2021-01-03,1
f004a714-6752-4a63-8490-7bee6cc3bf46,$TSLA <STUDY the CHARTS> Pullback_Time https://t.co/ZMDG0fb3I7,2021-01-03,-1
4199f169-b899-4496-a4b4-6b00fbe4e5a9,#Tesla Model S deliveries are up 35% in Germany - record deliveries in March [Chart] https://t.co/yCnClcBImV  $TSLA,2021-01-03,1
7624241e-8a02-4e09-a53b-80591c4d15d3,"Last month we added to our $GILD position and started a new one in $BWLD We see slow, steady, unspectacular growth going forward near term",2021-01-03,1
d58966b3-be2e-4ab4-862f-cc8d61304978,"$TSLA lots of green on the 5 min, watch the hourly $259.33 possible resistance currently @ $257.00",2021-01-03,1
72e084a3-0b20-4e32-868f-3b50b3e426a2,$AMGN And #UCB Announce Positive Top-Line Results From Ph3 Study Evaluating Romosozumab In Men... https://t.co/4hBoUDR8B8 via @YahooFinance,2021-01-03,1
98155381-75f9-401c-b594-86f68f23f782,Sold some $TSLA Puts this morning Closed them at the close. Helps pay for monthly expenses,2021-01-03,0
2f2af4a3-6828-42a2-a97d-e3b9a400ec87,Windows 10 is awful why did it force an upgrade on my pc without my consent? #windows #Microsoft $msft,2021-01-03,-1
96c02d7e-deee-4339-86c8-3c74d4b3ab04,$EXPE working on the second leg of its reversal run as it breaks another down trend and continues higher. https://t.co/76DSJysyR0,2021-01-03,1
68a096fb-44c0-4043-b65c-016074f94f1f,"$ENDP exit reversal .11 X 3K shares = $330 - now Long - not getting follow through, either side of price action",2021-01-03,1
a605fe2a-f1b1-42e5-8ccc-cbde413989fa,$CTRP not a bad long chart now that it's through sma100 resistance.,2021-01-03,1
de7c20c6-aff6-455d-b235-ad3c76970b9e,$ENDP Was looking for a long entry but today's price action wasn't appealing,2021-01-03,0
2263e008-455c-413e-9511-3e890e855f18,"$INTC & $AAPL strong, tech leads DOW higher",2021-01-03,1
f0d0f986-aeec-47fb-9d2a-c4c70e7ee29d,$CTRP breaking out https://t.co/Z2je3rTKch,2021-01-03,1
e139d30d-4cbf-4d9a-8987-a78411fe1edb,$CSX another strong rail today after breaking intraday resistance at 1$9.80 https://t.co/eA4FBVuqGP,2021-01-03,1
2d3838d6-ca39-4a3a-bdef-4659e710eaff,loading $SPY and $AAPL puts. think were toppy IMHO.,2021-01-03,-1
c6955783-92d7-4a2c-a4c9-799b076a9028,bot $AMZN 600 weekly calls here @ 5.93,2021-01-03,1
a5640c87-ba14-4256-8c33-d73608b898a6,$FB watching for bounce tomorrow,2021-01-03,1
f9380e2f-0c74-4d72-9441-d7c714e92184,#Fintech provider $CAFN Cachet Financial Solutions Surging Forward today post earnings Up +13.26% https://t.co/9BJ3csk2i9 $JKHY $FISV #Momo,2021-01-03,1
6acecf86-e3dd-463d-896f-806b4a11a828,"Really surprised by how much $FB has now fallen. Thought there'd be some support around the 50d, but I guess not.",2021-01-03,-1
48cadd00-757b-472a-a7af-8fae587da1bb,$tsla bad day to short,2021-01-03,1
a747b974-24ca-491b-9ff5-f4230c43e51c,"$TSLA TO RECALL 2,700 MODEL X SUVS FOR SEAT-BELT FIX",2021-01-03,-1
2d5e3495-ff78-40ed-ae27-f857987a356b,5 Best Analyst Rated Stocks in Last 72hrs: $ORCL $AAPL $CBS $INO $CPXX View all ratings here: https://t.co/IRID6zd5gc,2021-01-03,1
104f329f-e2e6-46b2-8c0f-cc82a2e49115,Bought some more $CELG as it is ready for a bounce.,2021-01-03,1
c437760a-ceb6-4455-8823-f22d87303b14,Analysts impressed with progress at Tesla's flagship factory; co spent $1.6B on upgrades in '15 https://t.co/SABxCSn8cd by @tsrandall $TSLA,2021-01-03,1
186d9e15-c114-4bb8-96d7-eabd171af4f2,"$CELG back near 104, where it opened and rallied higher last wk. A good place to take a shot https://t.co/zwHThSvFSF",2021-01-03,1
843df8da-a09e-4a19-a4d7-ce0fd7f81693,$AMZN new HOD with conviction keeping $570 on watch for Resistance.,2021-01-03,1
94e8c232-5d5d-447b-aefc-5c41a0430fdb,$FB  rejecting HIGHS shortable...at 109,2021-01-03,-1
2e793fac-f216-4fd7-82b4-90e21979fa57,"$CSX is up today to report.  Wall Street is expecting EPS to be at $0.37, and revenues at $2,732B.",2021-01-03,1
b296a3f1-b837-476e-ae99-eea5b42bcc4d,$FB turns back down in early trading.... https://t.co/reuf5PzhBm,2021-01-03,-1
c70a796f-df27-463f-9050-6b735abb961a,Followed the levels I shared with you on $NFLX $GOOGL $TSLA calls for nice gains. Still holding $FB 110 calls. Week made in a morning.,2021-01-03,1
875a507c-121d-4f58-99d3-44bd9fec1d53,"$FAST $GWW - daily sales slowing again, pretty timely coincident indicator https://t.co/m6BKHBkzK5",2021-01-03,0
ed0b15c1-7417-46df-91f9-97c9ad04cd08,"Tesla Motors recalls 2,700 Model X SUVs $TSLA https://t.co/xDGrAExkKz",2021-01-03,-1
12b1139a-7dc4-4ac4-a3ca-54fa367486db,"SiriusXM added 465,000 net new subscribers in the first quarter of 2016 $SIRI #CEO #sales #marketresearch #tech #entrepreneur #Speaker",2021-01-03,1
748872e4-28e8-4f7c-98bd-fe04df25ff4e,5-star analyst @brianwieser from Pivotal Research upgraded rating on $GOOGL to BUY. Brian has a 79% success rate https://t.co/t0dn02EOH5,2021-01-03,1
24a80454-0322-4e4c-af93-210c78256f78,Long $ENDP @ $26.23 on $AGN b/o rumor,2021-01-03,1
965b1545-9cee-4751-a16f-4909fbcc0eac,"You know that back seat? Don't sit in it. - $TSLA -> Tesla recalls 2,700 Model X cars https://t.co/7J0Gwz89ZC",2021-01-03,-1
5c9b0cc4-29a8-4792-b0ee-6c4cae693c48,This $BBBY stock options trade would have more than doubled your money https://t.co/Oa0loiRIJL via @TheStreet,2021-01-03,1
f4708148-f831-420d-8051-795e75b6dfb8,X marks the recall: Tesla recalls #ModelX for faulty 3rd row seat. https://t.co/HSqdoVry07 $TSLA https://t.co/4Cs3CNZEBB,2021-01-03,-1
c3690228-1877-493a-880f-f564bc4230dd,$STX move off the bottom but still in bear market #datasecurity $EMC $SNDK $WDC https://t.co/VkYdWPxeSN,2021-01-03,-1
a01f75a2-465a-4f0f-9f19-1f572441be18,$VRTX early technical BUY signal... for confirmation > 86 it needs some fundam. incentive https://t.co/QuYSrqFo2x,2021-01-03,1
33f0bf1d-da72-49b4-83e8-4942f294ec02,$FB (110.20) is starting to show some relative strength and signs of potential B/O on the daily.,2021-01-03,1
abcc6387-81ee-47bb-a114-6d77d3ee1caf,"@CGrantWSJ I think this $TSLA bubble might go on for some time. So long as ppl love the cars, they might keep getting funding.",2021-01-03,1
decac456-8321-4e1e-a8c8-ccc2b0438df5,$SBUX heading for the 200DMA and certain doom if it can not hold there.,2021-01-03,-1
93d81aaa-dd8d-4e85-aeb7-9143ebd2397e,$AMZN long into earnings. looks good over 600,2021-01-03,1
b7011705-835e-4575-b587-76564e7da280,$GOOGL is a short below 740 into the upper BB and is overbought,2021-01-03,-1
dc6bd8d7-d640-4c86-8bdd-2041bf6695ec,Timberrrr $TSLA https://t.co/MRBgfDHHVa,2021-01-03,-1
01a19422-a697-4b77-860d-a4642044353f,Interest Heats Up for @Yahoo $YHOO - The Wall Street Journal  https://t.co/j5jVjI9bia,2021-01-03,1
382c38c3-f0b9-4e4d-8569-59452ce5e9f9,"Tesla Recalling 2,700 Model X Units, Related to Faulty Latch for Third-Row Seats; Fall To $252.50 Level on Recall, Shares Up 1%  $TSLA",2021-01-03,-1
536356a3-abb1-437f-990f-b0675ba6d8ab,Commented on It's Time To Embrace Dividend Growth https://t.co/wc2qfP79TN $ABBV $CSCO $WYN,2021-01-03,1
c23f360b-f45c-47f8-9ffd-1f6d931f9990,Word on the street is that Allergen is looking at Endo International after the failed Pfizer merger. May-20 $35 calls active. $ENDP,2021-01-03,1
f9f05c0e-6566-4136-b21d-c08b9ed25fd8,$SBUX inverted head & shoulders pattern in the works. bullish.,2021-01-03,1
ce3a57f5-4173-4169-b4c5-9d6a420c3cae,I see a 20 percent upside in $FB shares from here,2021-01-03,1
a9ee1639-4856-4d3b-8d23-b8c54fee2d65,long $AAPL,2021-01-03,1
6db36bc1-3b41-487d-8c2f-03ac2309f1b2,$FB popping up to HOD,2021-01-03,1
7505a6ae-171a-4686-8454-f3547af8c0a1,$TSLA yeah lets go down to 230s lol,2021-01-03,-1
05fe69eb-2b66-4db3-9544-06b8c3156871,#NDX component Tesla has announced it is recalling 2700 Model X SUVs. $TSLA,2021-01-03,-1
97b6c148-3e16-4da4-b108-a0e9e94009ae,$YHOO making new HOD,2021-01-03,1
e97f66b9-126a-4305-87ef-9625fb9b7910,"Daily Mail owner considering Yahoo bid $yhoo ,up 2,05% https://t.co/extZr1riyP",2021-01-03,1
0d3abb3c-f9df-422d-820f-85799eaf35a9,$PCLN Back to Back intraday reversals look out below. Shorts moving in!,2021-01-03,-1
0353780b-79d0-4da6-a1f5-9e4a75f3ba86,$PYPL great vol flow trade here.. Love this company long time.,2021-01-03,1
de838db6-4f2e-4545-873c-84fd2e49b96a,$ISRG PT raised to $700 from $640 at Leerink - keeps Outperform rated,2021-01-03,1
06161663-9b65-4ab8-b727-3b9a16750b88,Long $TSLA short $MBLY https://t.co/jSpUSzo6na,2021-01-03,1
adc3ecdf-7511-4f66-87f1-1a2b75da295a,"$TSLA recalls 2,700 Model X cars. Stock dropping hard...",2021-01-03,-1
5848acd7-ebbc-4fd6-8253-bf59e9fafd0b,$AAPL - Has broken its downtrend - but 200DMA proving to be stiff resistance short term. https://t.co/VlzlgvIHZV,2021-01-03,1
2251b666-5499-41d6-b139-b4a162e6b9c5,"potential defect with third-row seat belts. Tesla Motors recalls 2,700 Model X SUVs $TSLA https://t.co/YVYDncdNdi",2021-01-03,-1
96f741e6-6d01-4d1f-a57c-8fbbea17c6bf,Netflix Grows Efforts To Create Loyal Customers $NFLX https://t.co/5QXBkoBphe,2021-01-03,1
b29dbdb8-e6e6-437b-87b3-d540c31c2cc8,"Tesla Motors recalls 2,700 Model X SUVs $TSLA https://t.co/F55dx4aegI",2021-01-03,-1
02fbec63-aa61-4bf3-87d8-b3e3af05acae,$FB $AAPL $NKE $JWN bearish charts keep getting worse.,2021-01-03,-1
acfb5468-759b-4118-8f03-66f5f87b9342,"Apple expected to launch new iPhone, iPad today $AAPL https://t.co/XfnICWeBeG",2021-01-03,1
d63f409a-568d-42bb-b203-dcdf0bf31376,$TSLA stock gaining steam... Plus other notable moves from this week: https://t.co/Hz0wdp5za1,2021-01-03,1
4fe9d62b-6654-4669-aed1-b44f6bcb3f97,$GILD  is expanding its research facilities...keeping up with the pace of innovation  https://t.co/uOE7FJ4LOP,2021-01-03,1
8c4470fa-6020-4dfb-93e3-05430d03d8d0,"$ENDP - we saw a large order in this one last week, someone also accumulating May & Jun 35's Calls today",2021-01-03,1
4553a25a-fa29-4e5c-8235-21608dfdd17a,TripAdvisor jumps on M&A rumors https://t.co/O4lwCDXMbr $TRIP,2021-01-03,1
5557d12e-efa1-4985-81fd-202a3af2bcce,Seat belt recall? who cares....  I'm a buyer $TSLA,2021-01-03,1
3f27a88f-193a-48ca-89c9-24d50999f415,$FB gettin in the buy zone soon ;),2021-01-03,1
c53cee9e-2d6c-4708-b846-f786d8c5b83c,Starbucks downgraded on same day as new downgraded rewards program starts  $SBUX,2021-01-03,-1
d8eb34a5-b06a-4b55-b579-8036589a2cd3,"$ADBE technical alerts: Expansion Breakout, Gilligan's Island Sell Setup, Volume Surge, and New 52... https://t.co/LxX66tknFH",2021-01-03,1
b5a56393-fc2c-496b-9edd-46c7afe2b396,"$AAPL a new long IF 110.61 is broken. Targets are 112.19, 119.86 & 123.82. Bears must retake 102.77. $QQQ $NQ_F $NDX https://t.co/6l3m1wXChw",2021-01-03,1
27a1fe91-55f5-4a05-bb5c-0e44fa231691,Thank you $GOOG (Google Alphabet) and $FB (Facebook) stocks! What a nice reversal.,2021-01-03,1
c016a2e0-86da-4537-87ef-6fc4ca8635b1,"Tesla Motors recalls 2,700 Model X SUVs https://t.co/BFWS3DbM0U $TSLA",2021-01-03,-1
9eb72f60-97c0-4d5d-8c5e-8018d4874650,"$AAPL bounces off support, it seems",2021-01-03,1
b1a2e0c4-ce1e-4a1c-a279-10f0abd3f5a4,Deutsche Bank downgrades Starbucks because of new loyalty program https://t.co/Iy4LCUGABc $SBUX,2021-01-03,-1
e0e3cb85-9400-436e-9942-bb547dc3bb1b,$GOOGL gets an upgrade price target $970,2021-01-03,1
1789df12-b3a6-41ad-aae8-7f7bc2d82119,NetApp downgraded by Macquarie to underperform. $22.00 PT. https://t.co/XCNgws0t4q $NTAP #NTAP via @RatingsNetwork,2021-01-03,-1
740e8bcb-3372-46ed-9a59-7103620b88d4,"Tesla is recalling 2,700 Model X cars: https://t.co/8Z7BkVsTl9 $TSLA",2021-01-03,-1
53e06e70-d1e5-4f7e-b3e3-84a46a1f0ea1,$fb small long 109.25 via calls,2021-01-03,1
e72ee2ad-72ad-48ee-8201-bb2964fa1a6a,Commodity Channel Index Indicator signaled a Oversold for $FB #stockmarket https://t.co/VM32d3M9xi https://t.co/cvkojk05Xn,2021-01-03,1
de7f450e-ff9a-4357-b376-3cd7d29ce584,"Isolationism? Another Sell Rating, Sell Ratings On SPY, QQQ, IWM And Several Companies https://t.co/6NKWEcrBA5 $AAPL $AXP $BAC $BLUE $FXE",2021-01-03,-1
3690c64c-9df4-4a93-8505-f0866f4dc454,ALERT: New RSI signal created on $COST - Buy at 148.78 - Time: 14:19 - Strength: 10. Powered by https://t.co/MhOBzU3Rmx,2021-01-03,1
a4443731-e408-48a4-88fb-7b093c7bb5de,$SAP Q1 disappoints as #software licenses down. Real problem? #Cloud growth trails $MSFT $ORCL $GOOG $CRM $ADBE https://t.co/jNDphllzq5,2021-01-03,-1
8a80ce63-5413-4278-aa0f-3e03fb52aa93,$FB gone green on day,2021-01-03,1
6a38da1b-d409-4d2d-acbf-bf17167ad78b,"$AMZN rejected that 604 to the penny. Weak open and it goes r/g within first 30 mins, could have 8-10 points in it. https://t.co/58tEAEXxpE",2021-01-03,-1
c8de5479-59de-4e64-b43f-0a6ab9175bb1,$GOOGL is setting up above its 50-day moving average. https://t.co/tTm9RnFoXJ,2021-01-03,1
6a7b5020-1158-4913-9df0-0e9f4c87727e,$FB still a dog going much lower this week,2021-01-03,-1
22aa5ffa-b258-459c-8089-66d56bbed225,Academics claim Google Android two-factor authentication is breakable. #security #authentication #hacking $goog https://t.co/nJx4mnrGLo,2021-01-03,-1
f627e0c9-9d86-47af-939e-178fb31eaae7,ALERT: New MACD signal created on $CTXS - Buy at 77.09 - Time: 18:23 - Strength: 10. Powered by https://t.co/4TdgjEDLLZ,2021-01-03,1
5dd60e8d-8a8a-45b2-9cea-4d372e711908,$BAC $ADSK $NFLX long this morning,2021-01-03,1
2179520b-ff01-48ec-b6e8-465aa8344f9b,Locked in some $FB puts for nice gain,2021-01-03,-1
3ee5989c-658e-489a-b341-7acd8c3cfde3,3rd red day in a row ? $TSLA,2021-01-03,-1
232026d5-2349-4031-91ec-6ab4ee817c5b,Just went long $ILMN,2021-01-03,1
504f0eb7-ee1c-47ca-91b2-f7b6c2dbe2d9,#Apple up almost 20% from its February lows with very little fanfare. $AAPL,2021-01-03,1
be75e2cc-ff43-445f-a197-9bd0cac2a8cb,$DISH weakness continues again. 49.43 area resistance after last week,2021-01-03,-1
71743818-4382-4adb-9f5e-70dec5e860f7,$AAPL iPhone shipments on track to exceed forecasts - MarketWatch https://t.co/2CXahJIX7d,2021-01-03,1
58dc9236-8175-4f01-941d-66b835e18fcb,$COST short finally making gains. I will take half my gains at 147,2021-01-03,-1
9cff1999-4d64-4271-b7a8-196606bb0677,Why $TWTR is doomed in 1 chart $FB $GOOG  https://t.co/MpyLiReQjh https://t.co/nlcZawDoHP,2021-01-03,0
26efc554-e508-4aa4-9510-d2f9b334d71d,Apple Inc.: The Rip-Roaring Rally Is Just Beginning! (AAPL) | InvestorPlace $AAPL https://t.co/jrcFC8XlY9,2021-01-03,1
3845f236-3393-4958-853d-4419f6fa20c9,"Upside moves in the volatile #mining sector, sending Anglo American PLC $AAL up 6.8% as of 4:30 PM, London time",2021-01-03,1
2c8d22c7-1ee3-4ce5-93d9-6a51a7c80bc9,"Tesla: Voluntary recall of 2,700 Model X vehicles, due to back seat issue. $TSLA https://t.co/NPAkc3U6GS",2021-01-03,-1
d56d3f76-df8a-40e4-a88c-6dda5d9bdd64,@scottrade Why is $tsla not available for shorting at this time?  Same for $w?,2021-01-03,-1
e1fd1a72-72e2-4b79-aee0-9415e7d7a4af,Deutsche Bank Downgraded Starbucks Co. $SBUX https://t.co/QqlEvVwPMV https://t.co/f2PdQjuTHa,2021-01-03,-1
933746c0-f4a6-404e-8e8a-d58bf81dc2a7,Coke dividend - 3%. Google dividend - 0%. For passive income Coke takes it. $GOOG $KO https://t.co/QBsoWjxOST,2021-01-03,0
ab5a541c-901a-40b6-8ba2-36e9d55b3051,Juniper tumbles on Q1 warning; Cisco also lower https://t.co/N8X8BpLJ1E $JNPR $CSCO,2021-01-03,-1
44a01345-bfdb-4dfa-8ac0-f878f1284745,Looking for a strong bounce $SPY -- Lunchtime rally coming. $DIA $IWM $QQQ $AA $FB,2021-01-03,1
a09cf45c-261b-42ef-9c58-d554b1d3e0d2,"DJI overbought: $AAPL, $AXP, $BA, $CVX, $IBM, $INTC, $VZ https://t.co/wMy1PnomJF",2021-01-03,-1
dfdcfbce-94de-449f-89e3-d9b9a249c49a,"Baird likes $TSLA - upgrades to outperform, lifts price target to $300. Research firm also sees no capital raise necessary in next few qtrs",2021-01-03,1
41123ab5-38b9-4d48-a3db-fbeab63cfc98,$tsla X recall not a big deal... the problem is now they will have an excuse to guide way way lower...,2021-01-03,0
70169475-0d41-43cb-9d77-8d93477b7395,$TSLA not dipping - testing the 200 day ma https://t.co/jEPLmZQKGW,2021-01-03,1
3c8dc579-9d60-466c-a12b-c7d4b8f5946f,"On #FEDDAY looking for a sharp move up in equities $AAPL $HD $LOW $FB seeing $UVXY $TVIX getting hammered, even though market is down.",2021-01-03,1
2ce3d45e-48ee-4636-b6fe-985ecaade3a1,$JD down 20% in after-hour market. anyone care to explain why?,2021-01-03,-1
d79db480-7c36-4706-a113-68a89f676018,Look at that $AMZN > 600,2021-01-03,1
90e16300-b1dd-4994-9b3f-bd820e05ad2a,Yahoo stock is up to $36.46 as the bidding war picks up for the company https://t.co/JDNZXDCMkl $YHOO https://t.co/HmOegfHgvn,2021-01-03,1
e9ecb3b4-e7a9-4e8a-8c12-cacc7d2be634,Starbucks shares down as much as ~4.2% $SBUX https://t.co/JlgrprR54k,2021-01-03,-1
f044c9ff-5a40-4678-b08f-9e4a807f2428,$AAPL Beat the estimates. Will still go down on lack of new products. https://t.co/sX3z7u6N8o,2021-01-03,-1
30b22a06-909c-4872-ba24-61678e14784a,long $AAPL 107 calls @ .40,2021-01-03,1
72fec6db-bbe4-40cf-945a-ac1d63d67b86,"Facebook, near a buy point last week, faces a different technical test today https://t.co/c72LLMpiNM $FB $AAPL $NFLX https://t.co/fPFbYTYPuY",2021-01-03,0
fc1b78d4-6bed-4cf6-9706-7c5f926f6672,"$SBUX down PM, from $DB downgrade.. PT cut from 70 to $64",2021-01-03,-1
ec7932eb-c04e-437d-b2a3-79e2dfa828fa,$EBAY  e-bay bay!  working on a couple daily dojis .. should continue to the downside  https://t.co/lgU0yBxEZe,2021-01-03,-1
a452a25e-f425-4bef-b977-8a0d15053718,Breaking 52 week highs timing looks great now $AHS $BABY $POST $IGE $IRDM $EWBC $PHYS $ULTA $VNET $BIV https://t.co/11K8JzuzMU,2021-01-03,1
1c82967c-8617-457b-bf16-c7e1972a107c,$TSLA recalling pretty much every single model X @cnnbrk got to short that even at work you jump in money trade,2021-01-03,-1
95da0c4b-fc67-4348-8c07-35a39e4ceb2d,$aapl high of day just hit. Back at it tomorrow.,2021-01-03,1
79a7a1db-4cb2-43a6-90c1-0fc602d53fdb,ouch looks like $tsla shorts getting skinned again,2021-01-03,1
8c9ad289-4f5b-4d59-ab0d-7e1853d7b336,"Qualcomm: 10% Dividend Increase Rewards Patient Investors, The Future Looks Bright https://t.co/TJjVpqhHqD $QCOM",2021-01-03,1
ac84f14f-8489-4af8-9419-ff15afad76d9,Facebook $FB received a Buy rating from Wells Fargo 5-star Analyst Peter Stabler (Wells Fargo) https://t.co/jnB4c9vdCu,2021-01-03,1
f57b233e-1a95-41ad-b421-55dc512b05e9,$TSLA Wish had my puts back but see if we can find support around 243.39 and pop up so that I can get back in. https://t.co/hFkLq3WObV,2021-01-03,-1
d0f984a7-ea0a-42ec-ba64-2846279424c3,Citrix Systems Inc $CTXS Position Increased by Mizuho… https://t.co/v7Lkq08Flp @ShareStockNews,2021-01-03,1
41ceff9b-a5c3-413f-bd7e-9d54ef3b43c7,"Notable gainers among liquid option names this morning include $STX (+7.0%), $NEM (+4.6%), $WDC (+4.2%), $X (+4.1%), and $GME (+3.4%),",2021-01-03,1
9b7e1dd8-45d3-485a-bcb9-89fc0d413fa6,Is #Facebook's user engagement falling? https://t.co/tqMMt7N16X $FB https://t.co/sedqRWgdkt,2021-01-03,-1
